{
  "count": 40,
  "value": [
    {
      "id": 10515,
      "rev": 2,
      "fields": {
        "System.AreaPath": "$ProjectName$",
        "System.TeamProject": "$ProjectName$",
        "System.IterationPath": "$ProjectName$\\Iteration 1",
        "System.WorkItemType": "Task",
        "System.State": "New",
        "System.Reason": "New",
        "System.CreatedDate": "2019-11-12T21:21:11.53Z",
        "System.CreatedBy": "Dave McKinstry <davemcki@microsoft.com>",
        "System.ChangedDate": "2019-11-12T22:41:58.577Z",
        "System.ChangedBy": "Dave McKinstry <davemcki@microsoft.com>",
        "System.Title": "Update your GitHub Actions workflow to use your new action",
        "Microsoft.VSTS.Scheduling.Effort": 0.0,
        "System.Description": null,
        "System.AssignedTo": null,
        "Microsoft.VSTS.Scheduling.RemainingWork": 0.0,
        "Microsoft.VSTS.Common.Priority": 2.0,
        "System.BoardLane": null,
        "System.Tags": null,
        "Microsoft.VSTS.TCM.Steps": null,
        "Microsoft.VSTS.TCM.Parameters": null,
        "Microsoft.VSTS.TCM.LocalDataSource": null,
        "Microsoft.VSTS.TCM.AutomationStatus": null,
        "System.History": null
      },
      "relations": [
        {
          "rel": "System.LinkTypes.Hierarchy-Reverse",
          "url": "https://dev.azure.com/MicrosoftDMM/_apis/wit/workItems/10512",
          "attributes": {
            "isLocked": "false",
            "name": "Parent"
          }
        }
      ],
      "url": "https://dev.azure.com/MicrosoftDMM/_apis/wit/workItems/10515"
    },
    {
      "id": 10514,
      "rev": 2,
      "fields": {
        "System.AreaPath": "$ProjectName$",
        "System.TeamProject": "$ProjectName$",
        "System.IterationPath": "$ProjectName$\\Iteration 1",
        "System.WorkItemType": "Task",
        "System.State": "New",
        "System.Reason": "New",
        "System.CreatedDate": "2019-11-12T21:21:11.53Z",
        "System.CreatedBy": "Dave McKinstry <davemcki@microsoft.com>",
        "System.ChangedDate": "2019-11-12T22:41:58.577Z",
        "System.ChangedBy": "Dave McKinstry <davemcki@microsoft.com>",
        "System.Title": "Create a new GitHub repo; create an action in that repo to encapsulate the reusable YAML",
        "Microsoft.VSTS.Scheduling.Effort": 0.0,
        "System.Description": null,
        "System.AssignedTo": null,
        "Microsoft.VSTS.Scheduling.RemainingWork": 0.0,
        "Microsoft.VSTS.Common.Priority": 2.0,
        "System.BoardLane": null,
        "System.Tags": null,
        "Microsoft.VSTS.TCM.Steps": null,
        "Microsoft.VSTS.TCM.Parameters": null,
        "Microsoft.VSTS.TCM.LocalDataSource": null,
        "Microsoft.VSTS.TCM.AutomationStatus": null,
        "System.History": null
      },
      "relations": [
        {
          "rel": "System.LinkTypes.Hierarchy-Reverse",
          "url": "https://dev.azure.com/MicrosoftDMM/_apis/wit/workItems/10512",
          "attributes": {
            "isLocked": "false",
            "name": "Parent"
          }
        }
      ],
      "url": "https://dev.azure.com/MicrosoftDMM/_apis/wit/workItems/10514"
    },
    {
      "id": 10513,
      "rev": 2,
      "fields": {
        "System.AreaPath": "$ProjectName$",
        "System.TeamProject": "$ProjectName$",
        "System.IterationPath": "$ProjectName$\\Iteration 1",
        "System.WorkItemType": "Task",
        "System.State": "New",
        "System.Reason": "New",
        "System.CreatedDate": "2019-11-12T21:21:11.53Z",
        "System.CreatedBy": "Dave McKinstry <davemcki@microsoft.com>",
        "System.ChangedDate": "2019-11-12T22:41:58.577Z",
        "System.ChangedBy": "Dave McKinstry <davemcki@microsoft.com>",
        "System.Title": "Identify reusable YAML in one of your workflows (e.g., script containing a group of Azure CLI commands)",
        "Microsoft.VSTS.Scheduling.Effort": 0.0,
        "System.Description": null,
        "System.AssignedTo": null,
        "Microsoft.VSTS.Scheduling.RemainingWork": 0.0,
        "Microsoft.VSTS.Common.Priority": 2.0,
        "System.BoardLane": null,
        "System.Tags": null,
        "Microsoft.VSTS.TCM.Steps": null,
        "Microsoft.VSTS.TCM.Parameters": null,
        "Microsoft.VSTS.TCM.LocalDataSource": null,
        "Microsoft.VSTS.TCM.AutomationStatus": null,
        "System.History": null
      },
      "relations": [
        {
          "rel": "System.LinkTypes.Hierarchy-Reverse",
          "url": "https://dev.azure.com/MicrosoftDMM/_apis/wit/workItems/10512",
          "attributes": {
            "isLocked": "false",
            "name": "Parent"
          }
        }
      ],
      "url": "https://dev.azure.com/MicrosoftDMM/_apis/wit/workItems/10513"
    },
    {
      "id": 10511,
      "rev": 2,
      "fields": {
        "System.AreaPath": "$ProjectName$",
        "System.TeamProject": "$ProjectName$",
        "System.IterationPath": "$ProjectName$\\Iteration 1",
        "System.WorkItemType": "Task",
        "System.State": "New",
        "System.Reason": "New",
        "System.CreatedDate": "2019-11-12T21:21:11.53Z",
        "System.CreatedBy": "Dave McKinstry <davemcki@microsoft.com>",
        "System.ChangedDate": "2019-11-12T22:41:55.84Z",
        "System.ChangedBy": "Dave McKinstry <davemcki@microsoft.com>",
        "System.Title": "Create a workflow to publish the resulting container to the container registry of your choice (GitHub Package Repository, Azure Container Registry, Dockerhub, ...); following the successful push to the container registry, deploy it to the new Web App",
        "Microsoft.VSTS.Scheduling.Effort": 0.0,
        "System.Description": null,
        "System.AssignedTo": null,
        "Microsoft.VSTS.Scheduling.RemainingWork": 0.0,
        "Microsoft.VSTS.Common.Priority": 2.0,
        "System.BoardLane": null,
        "System.Tags": null,
        "Microsoft.VSTS.TCM.Steps": null,
        "Microsoft.VSTS.TCM.Parameters": null,
        "Microsoft.VSTS.TCM.LocalDataSource": null,
        "Microsoft.VSTS.TCM.AutomationStatus": null,
        "System.History": null
      },
      "relations": [
        {
          "rel": "System.LinkTypes.Hierarchy-Reverse",
          "url": "https://dev.azure.com/MicrosoftDMM/_apis/wit/workItems/10507",
          "attributes": {
            "isLocked": "false",
            "name": "Parent"
          }
        }
      ],
      "url": "https://dev.azure.com/MicrosoftDMM/_apis/wit/workItems/10511"
    },
    {
      "id": 10510,
      "rev": 2,
      "fields": {
        "System.AreaPath": "$ProjectName$",
        "System.TeamProject": "$ProjectName$",
        "System.IterationPath": "$ProjectName$\\Iteration 1",
        "System.WorkItemType": "Task",
        "System.State": "New",
        "System.Reason": "New",
        "System.CreatedDate": "2019-11-12T21:21:11.53Z",
        "System.CreatedBy": "Dave McKinstry <davemcki@microsoft.com>",
        "System.ChangedDate": "2019-11-12T22:41:55.84Z",
        "System.ChangedBy": "Dave McKinstry <davemcki@microsoft.com>",
        "System.Title": "Update the infrastructure-as-code for your new Web App and verify it in the existing workflow",
        "Microsoft.VSTS.Scheduling.Effort": 0.0,
        "System.Description": null,
        "System.AssignedTo": null,
        "Microsoft.VSTS.Scheduling.RemainingWork": 0.0,
        "Microsoft.VSTS.Common.Priority": 2.0,
        "System.BoardLane": null,
        "System.Tags": null,
        "Microsoft.VSTS.TCM.Steps": null,
        "Microsoft.VSTS.TCM.Parameters": null,
        "Microsoft.VSTS.TCM.LocalDataSource": null,
        "Microsoft.VSTS.TCM.AutomationStatus": null,
        "System.History": null
      },
      "relations": [
        {
          "rel": "System.LinkTypes.Hierarchy-Reverse",
          "url": "https://dev.azure.com/MicrosoftDMM/_apis/wit/workItems/10507",
          "attributes": {
            "isLocked": "false",
            "name": "Parent"
          }
        }
      ],
      "url": "https://dev.azure.com/MicrosoftDMM/_apis/wit/workItems/10510"
    },
    {
      "id": 10509,
      "rev": 2,
      "fields": {
        "System.AreaPath": "$ProjectName$",
        "System.TeamProject": "$ProjectName$",
        "System.IterationPath": "$ProjectName$\\Iteration 1",
        "System.WorkItemType": "Task",
        "System.State": "New",
        "System.Reason": "New",
        "System.CreatedDate": "2019-11-12T21:21:11.53Z",
        "System.CreatedBy": "Dave McKinstry <davemcki@microsoft.com>",
        "System.ChangedDate": "2019-11-12T22:41:55.84Z",
        "System.ChangedBy": "Dave McKinstry <davemcki@microsoft.com>",
        "System.Title": "Provision a new Web App for Linux (Containers) against your exisitng app plan",
        "Microsoft.VSTS.Scheduling.Effort": 0.0,
        "System.Description": null,
        "System.AssignedTo": null,
        "Microsoft.VSTS.Scheduling.RemainingWork": 0.0,
        "Microsoft.VSTS.Common.Priority": 2.0,
        "System.BoardLane": null,
        "System.Tags": null,
        "Microsoft.VSTS.TCM.Steps": null,
        "Microsoft.VSTS.TCM.Parameters": null,
        "Microsoft.VSTS.TCM.LocalDataSource": null,
        "Microsoft.VSTS.TCM.AutomationStatus": null,
        "System.History": null
      },
      "relations": [
        {
          "rel": "System.LinkTypes.Hierarchy-Reverse",
          "url": "https://dev.azure.com/MicrosoftDMM/_apis/wit/workItems/10507",
          "attributes": {
            "isLocked": "false",
            "name": "Parent"
          }
        }
      ],
      "url": "https://dev.azure.com/MicrosoftDMM/_apis/wit/workItems/10509"
    },
    {
      "id": 10508,
      "rev": 2,
      "fields": {
        "System.AreaPath": "$ProjectName$",
        "System.TeamProject": "$ProjectName$",
        "System.IterationPath": "$ProjectName$\\Iteration 1",
        "System.WorkItemType": "Task",
        "System.State": "New",
        "System.Reason": "New",
        "System.CreatedDate": "2019-11-12T21:21:11.53Z",
        "System.CreatedBy": "Dave McKinstry <davemcki@microsoft.com>",
        "System.ChangedDate": "2019-11-12T22:41:55.84Z",
        "System.ChangedBy": "Dave McKinstry <davemcki@microsoft.com>",
        "System.Title": "Create a Dockerfile to package the application",
        "Microsoft.VSTS.Scheduling.Effort": 0.0,
        "System.Description": null,
        "System.AssignedTo": null,
        "Microsoft.VSTS.Scheduling.RemainingWork": 0.0,
        "Microsoft.VSTS.Common.Priority": 2.0,
        "System.BoardLane": null,
        "System.Tags": null,
        "Microsoft.VSTS.TCM.Steps": null,
        "Microsoft.VSTS.TCM.Parameters": null,
        "Microsoft.VSTS.TCM.LocalDataSource": null,
        "Microsoft.VSTS.TCM.AutomationStatus": null,
        "System.History": null
      },
      "relations": [
        {
          "rel": "System.LinkTypes.Hierarchy-Reverse",
          "url": "https://dev.azure.com/MicrosoftDMM/_apis/wit/workItems/10507",
          "attributes": {
            "isLocked": "false",
            "name": "Parent"
          }
        }
      ],
      "url": "https://dev.azure.com/MicrosoftDMM/_apis/wit/workItems/10508"
    },
    {
      "id": 10506,
      "rev": 2,
      "fields": {
        "System.AreaPath": "$ProjectName$",
        "System.TeamProject": "$ProjectName$",
        "System.IterationPath": "$ProjectName$\\Iteration 1",
        "System.WorkItemType": "Task",
        "System.State": "New",
        "System.Reason": "New",
        "System.CreatedDate": "2019-11-12T21:21:11.53Z",
        "System.CreatedBy": "Dave McKinstry <davemcki@microsoft.com>",
        "System.ChangedDate": "2019-11-12T22:41:52.45Z",
        "System.ChangedBy": "Dave McKinstry <davemcki@microsoft.com>",
        "System.Title": "Set the trigger to filter on any push to the provision folder",
        "Microsoft.VSTS.Scheduling.Effort": 0.0,
        "System.Description": null,
        "System.AssignedTo": null,
        "Microsoft.VSTS.Scheduling.RemainingWork": 0.0,
        "Microsoft.VSTS.Common.Priority": 2.0,
        "System.BoardLane": null,
        "System.Tags": null,
        "Microsoft.VSTS.TCM.Steps": null,
        "Microsoft.VSTS.TCM.Parameters": null,
        "Microsoft.VSTS.TCM.LocalDataSource": null,
        "Microsoft.VSTS.TCM.AutomationStatus": null,
        "System.History": null
      },
      "relations": [
        {
          "rel": "System.LinkTypes.Hierarchy-Reverse",
          "url": "https://dev.azure.com/MicrosoftDMM/_apis/wit/workItems/10503",
          "attributes": {
            "isLocked": "false",
            "name": "Parent"
          }
        }
      ],
      "url": "https://dev.azure.com/MicrosoftDMM/_apis/wit/workItems/10506"
    },
    {
      "id": 10505,
      "rev": 2,
      "fields": {
        "System.AreaPath": "$ProjectName$",
        "System.TeamProject": "$ProjectName$",
        "System.IterationPath": "$ProjectName$\\Iteration 1",
        "System.WorkItemType": "Task",
        "System.State": "New",
        "System.Reason": "New",
        "System.CreatedDate": "2019-11-12T21:21:11.53Z",
        "System.CreatedBy": "Dave McKinstry <davemcki@microsoft.com>",
        "System.ChangedDate": "2019-11-12T22:41:52.45Z",
        "System.ChangedBy": "Dave McKinstry <davemcki@microsoft.com>",
        "System.Title": "Make sure all secrets (usernames, passwords, tokens)… are properly secured",
        "Microsoft.VSTS.Scheduling.Effort": 0.0,
        "System.Description": null,
        "System.AssignedTo": null,
        "Microsoft.VSTS.Scheduling.RemainingWork": 0.0,
        "Microsoft.VSTS.Common.Priority": 2.0,
        "System.BoardLane": null,
        "System.Tags": null,
        "Microsoft.VSTS.TCM.Steps": null,
        "Microsoft.VSTS.TCM.Parameters": null,
        "Microsoft.VSTS.TCM.LocalDataSource": null,
        "Microsoft.VSTS.TCM.AutomationStatus": null,
        "System.History": null
      },
      "relations": [
        {
          "rel": "System.LinkTypes.Hierarchy-Reverse",
          "url": "https://dev.azure.com/MicrosoftDMM/_apis/wit/workItems/10503",
          "attributes": {
            "isLocked": "false",
            "name": "Parent"
          }
        }
      ],
      "url": "https://dev.azure.com/MicrosoftDMM/_apis/wit/workItems/10505"
    },
    {
      "id": 10504,
      "rev": 2,
      "fields": {
        "System.AreaPath": "$ProjectName$",
        "System.TeamProject": "$ProjectName$",
        "System.IterationPath": "$ProjectName$\\Iteration 1",
        "System.WorkItemType": "Task",
        "System.State": "New",
        "System.Reason": "New",
        "System.CreatedDate": "2019-11-12T21:21:11.53Z",
        "System.CreatedBy": "Dave McKinstry <davemcki@microsoft.com>",
        "System.ChangedDate": "2019-11-12T22:41:52.45Z",
        "System.ChangedBy": "Dave McKinstry <davemcki@microsoft.com>",
        "System.Title": "Create Infrastructure-As-Code to provision the Azure resources described above. Use your choice of Ansible, ARM templates, Terraform or Pulum; commit the files into the provision  folder.",
        "Microsoft.VSTS.Scheduling.Effort": 0.0,
        "System.Description": null,
        "System.AssignedTo": null,
        "Microsoft.VSTS.Scheduling.RemainingWork": 0.0,
        "Microsoft.VSTS.Common.Priority": 2.0,
        "System.BoardLane": null,
        "System.Tags": null,
        "Microsoft.VSTS.TCM.Steps": null,
        "Microsoft.VSTS.TCM.Parameters": null,
        "Microsoft.VSTS.TCM.LocalDataSource": null,
        "Microsoft.VSTS.TCM.AutomationStatus": null,
        "System.History": null
      },
      "relations": [
        {
          "rel": "System.LinkTypes.Hierarchy-Reverse",
          "url": "https://dev.azure.com/MicrosoftDMM/_apis/wit/workItems/10503",
          "attributes": {
            "isLocked": "false",
            "name": "Parent"
          }
        }
      ],
      "url": "https://dev.azure.com/MicrosoftDMM/_apis/wit/workItems/10504"
    },
    {
      "id": 10502,
      "rev": 2,
      "fields": {
        "System.AreaPath": "$ProjectName$",
        "System.TeamProject": "$ProjectName$",
        "System.IterationPath": "$ProjectName$\\Iteration 1",
        "System.WorkItemType": "Task",
        "System.State": "New",
        "System.Reason": "New",
        "System.CreatedDate": "2019-11-12T21:21:11.53Z",
        "System.CreatedBy": "Dave McKinstry <davemcki@microsoft.com>",
        "System.ChangedDate": "2019-11-12T22:41:49.33Z",
        "System.ChangedBy": "Dave McKinstry <davemcki@microsoft.com>",
        "System.Title": "Create a Project in GitHub; experiment with the basic capabilities and share learnings with the team",
        "Microsoft.VSTS.Scheduling.Effort": 0.0,
        "System.Description": null,
        "System.AssignedTo": null,
        "Microsoft.VSTS.Scheduling.RemainingWork": 0.0,
        "Microsoft.VSTS.Common.Priority": 2.0,
        "System.BoardLane": null,
        "System.Tags": null,
        "Microsoft.VSTS.TCM.Steps": null,
        "Microsoft.VSTS.TCM.Parameters": null,
        "Microsoft.VSTS.TCM.LocalDataSource": null,
        "Microsoft.VSTS.TCM.AutomationStatus": null,
        "System.History": null
      },
      "relations": [
        {
          "rel": "System.LinkTypes.Hierarchy-Reverse",
          "url": "https://dev.azure.com/MicrosoftDMM/_apis/wit/workItems/10498",
          "attributes": {
            "isLocked": "false",
            "name": "Parent"
          }
        }
      ],
      "url": "https://dev.azure.com/MicrosoftDMM/_apis/wit/workItems/10502"
    },
    {
      "id": 10501,
      "rev": 2,
      "fields": {
        "System.AreaPath": "$ProjectName$",
        "System.TeamProject": "$ProjectName$",
        "System.IterationPath": "$ProjectName$\\Iteration 1",
        "System.WorkItemType": "Task",
        "System.State": "New",
        "System.Reason": "New",
        "System.CreatedDate": "2019-11-12T21:21:11.53Z",
        "System.CreatedBy": "Dave McKinstry <davemcki@microsoft.com>",
        "System.ChangedDate": "2019-11-12T22:41:49.33Z",
        "System.ChangedBy": "Dave McKinstry <davemcki@microsoft.com>",
        "System.Title": "Review and accept the PR, and close the associated issue",
        "Microsoft.VSTS.Scheduling.Effort": 0.0,
        "System.Description": null,
        "System.AssignedTo": null,
        "Microsoft.VSTS.Scheduling.RemainingWork": 0.0,
        "Microsoft.VSTS.Common.Priority": 2.0,
        "System.BoardLane": null,
        "System.Tags": null,
        "Microsoft.VSTS.TCM.Steps": null,
        "Microsoft.VSTS.TCM.Parameters": null,
        "Microsoft.VSTS.TCM.LocalDataSource": null,
        "Microsoft.VSTS.TCM.AutomationStatus": null,
        "System.History": null
      },
      "relations": [
        {
          "rel": "System.LinkTypes.Hierarchy-Reverse",
          "url": "https://dev.azure.com/MicrosoftDMM/_apis/wit/workItems/10498",
          "attributes": {
            "isLocked": "false",
            "name": "Parent"
          }
        }
      ],
      "url": "https://dev.azure.com/MicrosoftDMM/_apis/wit/workItems/10501"
    },
    {
      "id": 10500,
      "rev": 2,
      "fields": {
        "System.AreaPath": "$ProjectName$",
        "System.TeamProject": "$ProjectName$",
        "System.IterationPath": "$ProjectName$\\Iteration 1",
        "System.WorkItemType": "Task",
        "System.State": "New",
        "System.Reason": "New",
        "System.CreatedDate": "2019-11-12T21:21:11.53Z",
        "System.CreatedBy": "Dave McKinstry <davemcki@microsoft.com>",
        "System.ChangedDate": "2019-11-12T22:41:49.33Z",
        "System.ChangedBy": "Dave McKinstry <davemcki@microsoft.com>",
        "System.Title": "Have a teammate modify the readme and issue a PR associated with the Issue",
        "Microsoft.VSTS.Scheduling.Effort": 0.0,
        "System.Description": null,
        "System.AssignedTo": null,
        "Microsoft.VSTS.Scheduling.RemainingWork": 0.0,
        "Microsoft.VSTS.Common.Priority": 2.0,
        "System.BoardLane": null,
        "System.Tags": null,
        "Microsoft.VSTS.TCM.Steps": null,
        "Microsoft.VSTS.TCM.Parameters": null,
        "Microsoft.VSTS.TCM.LocalDataSource": null,
        "Microsoft.VSTS.TCM.AutomationStatus": null,
        "System.History": null
      },
      "relations": [
        {
          "rel": "System.LinkTypes.Hierarchy-Reverse",
          "url": "https://dev.azure.com/MicrosoftDMM/_apis/wit/workItems/10498",
          "attributes": {
            "isLocked": "false",
            "name": "Parent"
          }
        }
      ],
      "url": "https://dev.azure.com/MicrosoftDMM/_apis/wit/workItems/10500"
    },
    {
      "id": 10499,
      "rev": 2,
      "fields": {
        "System.AreaPath": "$ProjectName$",
        "System.TeamProject": "$ProjectName$",
        "System.IterationPath": "$ProjectName$\\Iteration 1",
        "System.WorkItemType": "Task",
        "System.State": "New",
        "System.Reason": "New",
        "System.CreatedDate": "2019-11-12T21:21:11.53Z",
        "System.CreatedBy": "Dave McKinstry <davemcki@microsoft.com>",
        "System.ChangedDate": "2019-11-12T22:41:49.33Z",
        "System.ChangedBy": "Dave McKinstry <davemcki@microsoft.com>",
        "System.Title": "Create an issue specifically naming all teammates, requesting a change to the readme",
        "Microsoft.VSTS.Scheduling.Effort": 0.0,
        "System.Description": null,
        "System.AssignedTo": null,
        "Microsoft.VSTS.Scheduling.RemainingWork": 0.0,
        "Microsoft.VSTS.Common.Priority": 2.0,
        "System.BoardLane": null,
        "System.Tags": null,
        "Microsoft.VSTS.TCM.Steps": null,
        "Microsoft.VSTS.TCM.Parameters": null,
        "Microsoft.VSTS.TCM.LocalDataSource": null,
        "Microsoft.VSTS.TCM.AutomationStatus": null,
        "System.History": null
      },
      "relations": [
        {
          "rel": "System.LinkTypes.Hierarchy-Reverse",
          "url": "https://dev.azure.com/MicrosoftDMM/_apis/wit/workItems/10498",
          "attributes": {
            "isLocked": "false",
            "name": "Parent"
          }
        }
      ],
      "url": "https://dev.azure.com/MicrosoftDMM/_apis/wit/workItems/10499"
    },
    {
      "id": 10497,
      "rev": 2,
      "fields": {
        "System.AreaPath": "$ProjectName$",
        "System.TeamProject": "$ProjectName$",
        "System.IterationPath": "$ProjectName$\\Iteration 1",
        "System.WorkItemType": "Task",
        "System.State": "New",
        "System.Reason": "New",
        "System.CreatedDate": "2019-11-12T21:21:11.53Z",
        "System.CreatedBy": "Dave McKinstry <davemcki@microsoft.com>",
        "System.ChangedDate": "2019-11-12T22:41:46.823Z",
        "System.ChangedBy": "Dave McKinstry <davemcki@microsoft.com>",
        "System.Title": "Review security PRs and implement recommended fixes",
        "Microsoft.VSTS.Scheduling.Effort": 0.0,
        "System.Description": null,
        "System.AssignedTo": null,
        "Microsoft.VSTS.Scheduling.RemainingWork": 0.0,
        "Microsoft.VSTS.Common.Priority": 2.0,
        "System.BoardLane": null,
        "System.Tags": null,
        "Microsoft.VSTS.TCM.Steps": null,
        "Microsoft.VSTS.TCM.Parameters": null,
        "Microsoft.VSTS.TCM.LocalDataSource": null,
        "Microsoft.VSTS.TCM.AutomationStatus": null,
        "System.History": null
      },
      "relations": [
        {
          "rel": "System.LinkTypes.Hierarchy-Reverse",
          "url": "https://dev.azure.com/MicrosoftDMM/_apis/wit/workItems/10493",
          "attributes": {
            "isLocked": "false",
            "name": "Parent"
          }
        }
      ],
      "url": "https://dev.azure.com/MicrosoftDMM/_apis/wit/workItems/10497"
    },
    {
      "id": 10496,
      "rev": 2,
      "fields": {
        "System.AreaPath": "$ProjectName$",
        "System.TeamProject": "$ProjectName$",
        "System.IterationPath": "$ProjectName$\\Iteration 1",
        "System.WorkItemType": "Task",
        "System.State": "New",
        "System.Reason": "New",
        "System.CreatedDate": "2019-11-12T21:21:11.53Z",
        "System.CreatedBy": "Dave McKinstry <davemcki@microsoft.com>",
        "System.ChangedDate": "2019-11-12T22:41:46.823Z",
        "System.ChangedBy": "Dave McKinstry <davemcki@microsoft.com>",
        "System.Title": "Review security alerts",
        "Microsoft.VSTS.Scheduling.Effort": 0.0,
        "System.Description": null,
        "System.AssignedTo": null,
        "Microsoft.VSTS.Scheduling.RemainingWork": 0.0,
        "Microsoft.VSTS.Common.Priority": 2.0,
        "System.BoardLane": null,
        "System.Tags": null,
        "Microsoft.VSTS.TCM.Steps": null,
        "Microsoft.VSTS.TCM.Parameters": null,
        "Microsoft.VSTS.TCM.LocalDataSource": null,
        "Microsoft.VSTS.TCM.AutomationStatus": null,
        "System.History": null
      },
      "relations": [
        {
          "rel": "System.LinkTypes.Hierarchy-Reverse",
          "url": "https://dev.azure.com/MicrosoftDMM/_apis/wit/workItems/10493",
          "attributes": {
            "isLocked": "false",
            "name": "Parent"
          }
        }
      ],
      "url": "https://dev.azure.com/MicrosoftDMM/_apis/wit/workItems/10496"
    },
    {
      "id": 10495,
      "rev": 2,
      "fields": {
        "System.AreaPath": "$ProjectName$",
        "System.TeamProject": "$ProjectName$",
        "System.IterationPath": "$ProjectName$\\Iteration 1",
        "System.WorkItemType": "Task",
        "System.State": "New",
        "System.Reason": "New",
        "System.CreatedDate": "2019-11-12T21:21:11.53Z",
        "System.CreatedBy": "Dave McKinstry <davemcki@microsoft.com>",
        "System.ChangedDate": "2019-11-12T22:41:46.823Z",
        "System.ChangedBy": "Dave McKinstry <davemcki@microsoft.com>",
        "System.Title": "Enable automatic security fixes",
        "Microsoft.VSTS.Scheduling.Effort": 0.0,
        "System.Description": null,
        "System.AssignedTo": null,
        "Microsoft.VSTS.Scheduling.RemainingWork": 0.0,
        "Microsoft.VSTS.Common.Priority": 2.0,
        "System.BoardLane": null,
        "System.Tags": null,
        "Microsoft.VSTS.TCM.Steps": null,
        "Microsoft.VSTS.TCM.Parameters": null,
        "Microsoft.VSTS.TCM.LocalDataSource": null,
        "Microsoft.VSTS.TCM.AutomationStatus": null,
        "System.History": null
      },
      "relations": [
        {
          "rel": "System.LinkTypes.Hierarchy-Reverse",
          "url": "https://dev.azure.com/MicrosoftDMM/_apis/wit/workItems/10493",
          "attributes": {
            "isLocked": "false",
            "name": "Parent"
          }
        }
      ],
      "url": "https://dev.azure.com/MicrosoftDMM/_apis/wit/workItems/10495"
    },
    {
      "id": 10494,
      "rev": 2,
      "fields": {
        "System.AreaPath": "$ProjectName$",
        "System.TeamProject": "$ProjectName$",
        "System.IterationPath": "$ProjectName$\\Iteration 1",
        "System.WorkItemType": "Task",
        "System.State": "New",
        "System.Reason": "New",
        "System.CreatedDate": "2019-11-12T21:21:11.53Z",
        "System.CreatedBy": "Dave McKinstry <davemcki@microsoft.com>",
        "System.ChangedDate": "2019-11-12T22:41:46.823Z",
        "System.ChangedBy": "Dave McKinstry <davemcki@microsoft.com>",
        "System.Title": "Enable security alerts",
        "Microsoft.VSTS.Scheduling.Effort": 0.0,
        "System.Description": null,
        "System.AssignedTo": null,
        "Microsoft.VSTS.Scheduling.RemainingWork": 0.0,
        "Microsoft.VSTS.Common.Priority": 2.0,
        "System.BoardLane": null,
        "System.Tags": null,
        "Microsoft.VSTS.TCM.Steps": null,
        "Microsoft.VSTS.TCM.Parameters": null,
        "Microsoft.VSTS.TCM.LocalDataSource": null,
        "Microsoft.VSTS.TCM.AutomationStatus": null,
        "System.History": null
      },
      "relations": [
        {
          "rel": "System.LinkTypes.Hierarchy-Reverse",
          "url": "https://dev.azure.com/MicrosoftDMM/_apis/wit/workItems/10493",
          "attributes": {
            "isLocked": "false",
            "name": "Parent"
          }
        }
      ],
      "url": "https://dev.azure.com/MicrosoftDMM/_apis/wit/workItems/10494"
    },
    {
      "id": 10492,
      "rev": 2,
      "fields": {
        "System.AreaPath": "$ProjectName$",
        "System.TeamProject": "$ProjectName$",
        "System.IterationPath": "$ProjectName$\\Iteration 1",
        "System.WorkItemType": "Task",
        "System.State": "New",
        "System.Reason": "New",
        "System.CreatedDate": "2019-11-12T21:21:11.53Z",
        "System.CreatedBy": "Dave McKinstry <davemcki@microsoft.com>",
        "System.ChangedDate": "2019-11-12T22:41:44.28Z",
        "System.ChangedBy": "Dave McKinstry <davemcki@microsoft.com>",
        "System.Title": "Once the PR is succeeding with this new workflow, associate the PR with this User Story, complete the merge, and close the PR",
        "Microsoft.VSTS.Scheduling.Effort": 0.0,
        "System.Description": null,
        "System.AssignedTo": null,
        "Microsoft.VSTS.Scheduling.RemainingWork": 0.0,
        "Microsoft.VSTS.Common.Priority": 2.0,
        "System.BoardLane": null,
        "System.Tags": null,
        "Microsoft.VSTS.TCM.Steps": null,
        "Microsoft.VSTS.TCM.Parameters": null,
        "Microsoft.VSTS.TCM.LocalDataSource": null,
        "Microsoft.VSTS.TCM.AutomationStatus": null,
        "System.History": null
      },
      "relations": [
        {
          "rel": "System.LinkTypes.Hierarchy-Reverse",
          "url": "https://dev.azure.com/MicrosoftDMM/_apis/wit/workItems/10489",
          "attributes": {
            "isLocked": "false",
            "name": "Parent"
          }
        }
      ],
      "url": "https://dev.azure.com/MicrosoftDMM/_apis/wit/workItems/10492"
    },
    {
      "id": 10491,
      "rev": 2,
      "fields": {
        "System.AreaPath": "$ProjectName$",
        "System.TeamProject": "$ProjectName$",
        "System.IterationPath": "$ProjectName$\\Iteration 1",
        "System.WorkItemType": "Task",
        "System.State": "New",
        "System.Reason": "New",
        "System.CreatedDate": "2019-11-12T21:21:11.53Z",
        "System.CreatedBy": "Dave McKinstry <davemcki@microsoft.com>",
        "System.ChangedDate": "2019-11-12T22:41:44.28Z",
        "System.ChangedBy": "Dave McKinstry <davemcki@microsoft.com>",
        "System.Title": "Make a visible change in the content so that you ccan easily verify deployment",
        "Microsoft.VSTS.Scheduling.Effort": 0.0,
        "System.Description": "If you don't know what to change, Line 4 of ContosoAir/locales/en.json is displayed on the home page.",
        "System.AssignedTo": null,
        "Microsoft.VSTS.Scheduling.RemainingWork": 0.0,
        "Microsoft.VSTS.Common.Priority": 2.0,
        "System.BoardLane": null,
        "System.Tags": null,
        "Microsoft.VSTS.TCM.Steps": null,
        "Microsoft.VSTS.TCM.Parameters": null,
        "Microsoft.VSTS.TCM.LocalDataSource": null,
        "Microsoft.VSTS.TCM.AutomationStatus": null,
        "System.History": null
      },
      "relations": [
        {
          "rel": "System.LinkTypes.Hierarchy-Reverse",
          "url": "https://dev.azure.com/MicrosoftDMM/_apis/wit/workItems/10489",
          "attributes": {
            "isLocked": "false",
            "name": "Parent"
          }
        }
      ],
      "url": "https://dev.azure.com/MicrosoftDMM/_apis/wit/workItems/10491"
    },
    {
      "id": 10490,
      "rev": 2,
      "fields": {
        "System.AreaPath": "$ProjectName$",
        "System.TeamProject": "$ProjectName$",
        "System.IterationPath": "$ProjectName$\\Iteration 1",
        "System.WorkItemType": "Task",
        "System.State": "New",
        "System.Reason": "New",
        "System.CreatedDate": "2019-11-12T21:21:11.53Z",
        "System.CreatedBy": "Dave McKinstry <davemcki@microsoft.com>",
        "System.ChangedDate": "2019-11-12T22:41:44.28Z",
        "System.ChangedBy": "Dave McKinstry <davemcki@microsoft.com>",
        "System.Title": "Create a new GitHub Actions workflow triggered on pushes to master that compiles, tests, packages and deploys the application to the Azure Web App; trigger on any push to the master branch",
        "Microsoft.VSTS.Scheduling.Effort": 0.0,
        "System.Description": "Copy the existing CI workflow and add deployment capabilities, reference https://github.com/Azure/Actions. &nbsp;Remember to protect all secrets. &nbsp;You may want to include your PR branch in the trigger while developing the workflow.",
        "System.AssignedTo": null,
        "Microsoft.VSTS.Scheduling.RemainingWork": 0.0,
        "Microsoft.VSTS.Common.Priority": 2.0,
        "System.BoardLane": null,
        "System.Tags": null,
        "Microsoft.VSTS.TCM.Steps": null,
        "Microsoft.VSTS.TCM.Parameters": null,
        "Microsoft.VSTS.TCM.LocalDataSource": null,
        "Microsoft.VSTS.TCM.AutomationStatus": null,
        "System.History": null
      },
      "relations": [
        {
          "rel": "System.LinkTypes.Hierarchy-Reverse",
          "url": "https://dev.azure.com/MicrosoftDMM/_apis/wit/workItems/10489",
          "attributes": {
            "isLocked": "false",
            "name": "Parent"
          }
        }
      ],
      "url": "https://dev.azure.com/MicrosoftDMM/_apis/wit/workItems/10490"
    },
    {
      "id": 10488,
      "rev": 2,
      "fields": {
        "System.AreaPath": "$ProjectName$",
        "System.TeamProject": "$ProjectName$",
        "System.IterationPath": "$ProjectName$\\Iteration 1",
        "System.WorkItemType": "Task",
        "System.State": "New",
        "System.Reason": "New",
        "System.CreatedDate": "2019-11-12T21:21:11.53Z",
        "System.CreatedBy": "Dave McKinstry <davemcki@microsoft.com>",
        "System.ChangedDate": "2019-11-12T22:41:41.55Z",
        "System.ChangedBy": "Dave McKinstry <davemcki@microsoft.com>",
        "System.Title": "Update the GitHub Branch Protection on Master to require this workflow",
        "Microsoft.VSTS.Scheduling.Effort": 0.0,
        "System.Description": null,
        "System.AssignedTo": null,
        "Microsoft.VSTS.Scheduling.RemainingWork": 0.0,
        "Microsoft.VSTS.Common.Priority": 2.0,
        "System.BoardLane": null,
        "System.Tags": null,
        "Microsoft.VSTS.TCM.Steps": null,
        "Microsoft.VSTS.TCM.Parameters": null,
        "Microsoft.VSTS.TCM.LocalDataSource": null,
        "Microsoft.VSTS.TCM.AutomationStatus": null,
        "System.History": null
      },
      "relations": [
        {
          "rel": "System.LinkTypes.Hierarchy-Reverse",
          "url": "https://dev.azure.com/MicrosoftDMM/_apis/wit/workItems/10484",
          "attributes": {
            "isLocked": "false",
            "name": "Parent"
          }
        }
      ],
      "url": "https://dev.azure.com/MicrosoftDMM/_apis/wit/workItems/10488"
    },
    {
      "id": 10487,
      "rev": 2,
      "fields": {
        "System.AreaPath": "$ProjectName$",
        "System.TeamProject": "$ProjectName$",
        "System.IterationPath": "$ProjectName$\\Iteration 1",
        "System.WorkItemType": "Task",
        "System.State": "New",
        "System.Reason": "New",
        "System.CreatedDate": "2019-11-12T21:21:11.53Z",
        "System.CreatedBy": "Dave McKinstry <davemcki@microsoft.com>",
        "System.ChangedDate": "2019-11-12T22:41:41.55Z",
        "System.ChangedBy": "Dave McKinstry <davemcki@microsoft.com>",
        "System.Title": "Once the PR is succeeding with this new workflow, associate the PR with this User Story, complete the merge, and close the PR",
        "Microsoft.VSTS.Scheduling.Effort": 0.0,
        "System.Description": null,
        "System.AssignedTo": null,
        "Microsoft.VSTS.Scheduling.RemainingWork": 0.0,
        "Microsoft.VSTS.Common.Priority": 2.0,
        "System.BoardLane": null,
        "System.Tags": null,
        "Microsoft.VSTS.TCM.Steps": null,
        "Microsoft.VSTS.TCM.Parameters": null,
        "Microsoft.VSTS.TCM.LocalDataSource": null,
        "Microsoft.VSTS.TCM.AutomationStatus": null,
        "System.History": null
      },
      "relations": [
        {
          "rel": "System.LinkTypes.Hierarchy-Reverse",
          "url": "https://dev.azure.com/MicrosoftDMM/_apis/wit/workItems/10484",
          "attributes": {
            "isLocked": "false",
            "name": "Parent"
          }
        }
      ],
      "url": "https://dev.azure.com/MicrosoftDMM/_apis/wit/workItems/10487"
    },
    {
      "id": 10486,
      "rev": 2,
      "fields": {
        "System.AreaPath": "$ProjectName$",
        "System.TeamProject": "$ProjectName$",
        "System.IterationPath": "$ProjectName$\\Iteration 1",
        "System.WorkItemType": "Task",
        "System.State": "New",
        "System.Reason": "New",
        "System.CreatedDate": "2019-11-12T21:21:11.53Z",
        "System.CreatedBy": "Dave McKinstry <davemcki@microsoft.com>",
        "System.ChangedDate": "2019-11-12T22:41:41.55Z",
        "System.ChangedBy": "Dave McKinstry <davemcki@microsoft.com>",
        "System.Title": "Add a status badge to the main README.md file and associate this user story with the commit",
        "Microsoft.VSTS.Scheduling.Effort": 0.0,
        "System.Description": null,
        "System.AssignedTo": null,
        "Microsoft.VSTS.Scheduling.RemainingWork": 0.0,
        "Microsoft.VSTS.Common.Priority": 2.0,
        "System.BoardLane": null,
        "System.Tags": null,
        "Microsoft.VSTS.TCM.Steps": null,
        "Microsoft.VSTS.TCM.Parameters": null,
        "Microsoft.VSTS.TCM.LocalDataSource": null,
        "Microsoft.VSTS.TCM.AutomationStatus": null,
        "System.History": null
      },
      "relations": [
        {
          "rel": "System.LinkTypes.Hierarchy-Reverse",
          "url": "https://dev.azure.com/MicrosoftDMM/_apis/wit/workItems/10484",
          "attributes": {
            "isLocked": "false",
            "name": "Parent"
          }
        }
      ],
      "url": "https://dev.azure.com/MicrosoftDMM/_apis/wit/workItems/10486"
    },
    {
      "id": 10485,
      "rev": 2,
      "fields": {
        "System.AreaPath": "$ProjectName$",
        "System.TeamProject": "$ProjectName$",
        "System.IterationPath": "$ProjectName$\\Iteration 1",
        "System.WorkItemType": "Task",
        "System.State": "New",
        "System.Reason": "New",
        "System.CreatedDate": "2019-11-12T21:21:11.53Z",
        "System.CreatedBy": "Dave McKinstry <davemcki@microsoft.com>",
        "System.ChangedDate": "2019-11-12T22:41:41.55Z",
        "System.ChangedBy": "Dave McKinstry <davemcki@microsoft.com>",
        "System.Title": "Create a new GitHub Actions workflow to compile and test the Node.JS application whenever there is a pull request",
        "Microsoft.VSTS.Scheduling.Effort": 0.0,
        "System.Description": "Refer to https://github.com/actions for instructions on compiling Node, etc. &nbsp;If you're having a hard time getting the tests to pass, try &quot;npm run unit-test&quot; which only runs the unit tests.",
        "System.AssignedTo": null,
        "Microsoft.VSTS.Scheduling.RemainingWork": 0.0,
        "Microsoft.VSTS.Common.Priority": 2.0,
        "System.BoardLane": null,
        "System.Tags": null,
        "Microsoft.VSTS.TCM.Steps": null,
        "Microsoft.VSTS.TCM.Parameters": null,
        "Microsoft.VSTS.TCM.LocalDataSource": null,
        "Microsoft.VSTS.TCM.AutomationStatus": null,
        "System.History": null
      },
      "relations": [
        {
          "rel": "System.LinkTypes.Hierarchy-Reverse",
          "url": "https://dev.azure.com/MicrosoftDMM/_apis/wit/workItems/10484",
          "attributes": {
            "isLocked": "false",
            "name": "Parent"
          }
        }
      ],
      "url": "https://dev.azure.com/MicrosoftDMM/_apis/wit/workItems/10485"
    },
    {
      "id": 10483,
      "rev": 2,
      "fields": {
        "System.AreaPath": "$ProjectName$",
        "System.TeamProject": "$ProjectName$",
        "System.IterationPath": "$ProjectName$\\Iteration 1",
        "System.WorkItemType": "Task",
        "System.State": "New",
        "System.Reason": "New",
        "System.CreatedDate": "2019-11-12T21:21:11.53Z",
        "System.CreatedBy": "Dave McKinstry <davemcki@microsoft.com>",
        "System.ChangedDate": "2019-11-12T22:41:38.717Z",
        "System.ChangedBy": "Dave McKinstry <davemcki@microsoft.com>",
        "System.Title": "Associate the PR with this User Story, complete the merge, and close the PR",
        "Microsoft.VSTS.Scheduling.Effort": 0.0,
        "System.Description": null,
        "System.AssignedTo": null,
        "Microsoft.VSTS.Scheduling.RemainingWork": 0.0,
        "Microsoft.VSTS.Common.Priority": 2.0,
        "System.BoardLane": null,
        "System.Tags": null,
        "Microsoft.VSTS.TCM.Steps": null,
        "Microsoft.VSTS.TCM.Parameters": null,
        "Microsoft.VSTS.TCM.LocalDataSource": null,
        "Microsoft.VSTS.TCM.AutomationStatus": null,
        "System.History": null
      },
      "relations": [
        {
          "rel": "System.LinkTypes.Hierarchy-Reverse",
          "url": "https://dev.azure.com/MicrosoftDMM/_apis/wit/workItems/10476",
          "attributes": {
            "isLocked": "false",
            "name": "Parent"
          }
        }
      ],
      "url": "https://dev.azure.com/MicrosoftDMM/_apis/wit/workItems/10483"
    },
    {
      "id": 10482,
      "rev": 2,
      "fields": {
        "System.AreaPath": "$ProjectName$",
        "System.TeamProject": "$ProjectName$",
        "System.IterationPath": "$ProjectName$\\Iteration 1",
        "System.WorkItemType": "Task",
        "System.State": "New",
        "System.Reason": "New",
        "System.CreatedDate": "2019-11-12T21:21:11.53Z",
        "System.CreatedBy": "Dave McKinstry <davemcki@microsoft.com>",
        "System.ChangedDate": "2019-11-12T22:41:38.717Z",
        "System.ChangedBy": "Dave McKinstry <davemcki@microsoft.com>",
        "System.Title": "Have two other team members test the access and branch protections by updating the README.md file, associating the commit with this user story",
        "Microsoft.VSTS.Scheduling.Effort": 0.0,
        "System.Description": null,
        "System.AssignedTo": null,
        "Microsoft.VSTS.Scheduling.RemainingWork": 0.0,
        "Microsoft.VSTS.Common.Priority": 2.0,
        "System.BoardLane": null,
        "System.Tags": null,
        "Microsoft.VSTS.TCM.Steps": null,
        "Microsoft.VSTS.TCM.Parameters": null,
        "Microsoft.VSTS.TCM.LocalDataSource": null,
        "Microsoft.VSTS.TCM.AutomationStatus": null,
        "System.History": null
      },
      "relations": [
        {
          "rel": "System.LinkTypes.Hierarchy-Reverse",
          "url": "https://dev.azure.com/MicrosoftDMM/_apis/wit/workItems/10476",
          "attributes": {
            "isLocked": "false",
            "name": "Parent"
          }
        }
      ],
      "url": "https://dev.azure.com/MicrosoftDMM/_apis/wit/workItems/10482"
    },
    {
      "id": 10481,
      "rev": 2,
      "fields": {
        "System.AreaPath": "$ProjectName$",
        "System.TeamProject": "$ProjectName$",
        "System.IterationPath": "$ProjectName$\\Iteration 1",
        "System.WorkItemType": "Task",
        "System.State": "New",
        "System.Reason": "New",
        "System.CreatedDate": "2019-11-12T21:21:11.53Z",
        "System.CreatedBy": "Dave McKinstry <davemcki@microsoft.com>",
        "System.ChangedDate": "2019-11-12T22:41:38.717Z",
        "System.ChangedBy": "Dave McKinstry <davemcki@microsoft.com>",
        "System.Title": "Setup branch protections to require PRs and at least one reviewer, including the repo administrator.",
        "Microsoft.VSTS.Scheduling.Effort": 0.0,
        "System.Description": null,
        "System.AssignedTo": null,
        "Microsoft.VSTS.Scheduling.RemainingWork": 0.0,
        "Microsoft.VSTS.Common.Priority": 2.0,
        "System.BoardLane": null,
        "System.Tags": null,
        "Microsoft.VSTS.TCM.Steps": null,
        "Microsoft.VSTS.TCM.Parameters": null,
        "Microsoft.VSTS.TCM.LocalDataSource": null,
        "Microsoft.VSTS.TCM.AutomationStatus": null,
        "System.History": null
      },
      "relations": [
        {
          "rel": "System.LinkTypes.Hierarchy-Reverse",
          "url": "https://dev.azure.com/MicrosoftDMM/_apis/wit/workItems/10476",
          "attributes": {
            "isLocked": "false",
            "name": "Parent"
          }
        }
      ],
      "url": "https://dev.azure.com/MicrosoftDMM/_apis/wit/workItems/10481"
    },
    {
      "id": 10480,
      "rev": 2,
      "fields": {
        "System.AreaPath": "$ProjectName$",
        "System.TeamProject": "$ProjectName$",
        "System.IterationPath": "$ProjectName$\\Iteration 1",
        "System.WorkItemType": "Task",
        "System.State": "New",
        "System.Reason": "New",
        "System.CreatedDate": "2019-11-12T21:21:11.53Z",
        "System.CreatedBy": "Dave McKinstry <davemcki@microsoft.com>",
        "System.ChangedDate": "2019-11-12T22:41:38.717Z",
        "System.ChangedBy": "Dave McKinstry <davemcki@microsoft.com>",
        "System.Title": "Download the ZIP stored in the challenge repo; unzip and upload it to the new GitHub repo, and associate the commit with this user story.",
        "Microsoft.VSTS.Scheduling.Effort": 0.0,
        "System.Description": "https://github.com/dmckinstry/DevOpsChallengeWithGitHubAndAzure/assets/contoso-air-source.zip",
        "System.AssignedTo": null,
        "Microsoft.VSTS.Scheduling.RemainingWork": 0.0,
        "Microsoft.VSTS.Common.Priority": 2.0,
        "System.BoardLane": null,
        "System.Tags": null,
        "Microsoft.VSTS.TCM.Steps": null,
        "Microsoft.VSTS.TCM.Parameters": null,
        "Microsoft.VSTS.TCM.LocalDataSource": null,
        "Microsoft.VSTS.TCM.AutomationStatus": null,
        "System.History": null
      },
      "relations": [
        {
          "rel": "System.LinkTypes.Hierarchy-Reverse",
          "url": "https://dev.azure.com/MicrosoftDMM/_apis/wit/workItems/10476",
          "attributes": {
            "isLocked": "false",
            "name": "Parent"
          }
        }
      ],
      "url": "https://dev.azure.com/MicrosoftDMM/_apis/wit/workItems/10480"
    },
    {
      "id": 10479,
      "rev": 2,
      "fields": {
        "System.AreaPath": "$ProjectName$",
        "System.TeamProject": "$ProjectName$",
        "System.IterationPath": "$ProjectName$\\Iteration 1",
        "System.WorkItemType": "Task",
        "System.State": "New",
        "System.Reason": "New",
        "System.CreatedDate": "2019-11-12T21:21:11.53Z",
        "System.CreatedBy": "Dave McKinstry <davemcki@microsoft.com>",
        "System.ChangedDate": "2019-11-12T22:41:38.717Z",
        "System.ChangedBy": "Dave McKinstry <davemcki@microsoft.com>",
        "System.Title": "Connect the GitHub repo to the Azure DevOps challenge project",
        "Microsoft.VSTS.Scheduling.Effort": 0.0,
        "System.Description": null,
        "System.AssignedTo": null,
        "Microsoft.VSTS.Scheduling.RemainingWork": 0.0,
        "Microsoft.VSTS.Common.Priority": 2.0,
        "System.BoardLane": null,
        "System.Tags": null,
        "Microsoft.VSTS.TCM.Steps": null,
        "Microsoft.VSTS.TCM.Parameters": null,
        "Microsoft.VSTS.TCM.LocalDataSource": null,
        "Microsoft.VSTS.TCM.AutomationStatus": null,
        "System.History": null
      },
      "relations": [
        {
          "rel": "System.LinkTypes.Hierarchy-Reverse",
          "url": "https://dev.azure.com/MicrosoftDMM/_apis/wit/workItems/10476",
          "attributes": {
            "isLocked": "false",
            "name": "Parent"
          }
        }
      ],
      "url": "https://dev.azure.com/MicrosoftDMM/_apis/wit/workItems/10479"
    },
    {
      "id": 10478,
      "rev": 2,
      "fields": {
        "System.AreaPath": "$ProjectName$",
        "System.TeamProject": "$ProjectName$",
        "System.IterationPath": "$ProjectName$\\Iteration 1",
        "System.WorkItemType": "Task",
        "System.State": "New",
        "System.Reason": "New",
        "System.CreatedDate": "2019-11-12T21:21:11.53Z",
        "System.CreatedBy": "Dave McKinstry <davemcki@microsoft.com>",
        "System.ChangedDate": "2019-11-12T22:41:38.717Z",
        "System.ChangedBy": "Dave McKinstry <davemcki@microsoft.com>",
        "System.Title": "Grant appropriate permissions to your team",
        "Microsoft.VSTS.Scheduling.Effort": 0.0,
        "System.Description": null,
        "System.AssignedTo": null,
        "Microsoft.VSTS.Scheduling.RemainingWork": 0.0,
        "Microsoft.VSTS.Common.Priority": 2.0,
        "System.BoardLane": null,
        "System.Tags": null,
        "Microsoft.VSTS.TCM.Steps": null,
        "Microsoft.VSTS.TCM.Parameters": null,
        "Microsoft.VSTS.TCM.LocalDataSource": null,
        "Microsoft.VSTS.TCM.AutomationStatus": null,
        "System.History": null
      },
      "relations": [
        {
          "rel": "System.LinkTypes.Hierarchy-Reverse",
          "url": "https://dev.azure.com/MicrosoftDMM/_apis/wit/workItems/10476",
          "attributes": {
            "isLocked": "false",
            "name": "Parent"
          }
        }
      ],
      "url": "https://dev.azure.com/MicrosoftDMM/_apis/wit/workItems/10478"
    },
    {
      "id": 10477,
      "rev": 2,
      "fields": {
        "System.AreaPath": "$ProjectName$",
        "System.TeamProject": "$ProjectName$",
        "System.IterationPath": "$ProjectName$\\Iteration 1",
        "System.WorkItemType": "Task",
        "System.State": "New",
        "System.Reason": "New",
        "System.CreatedDate": "2019-11-12T21:21:11.53Z",
        "System.CreatedBy": "Dave McKinstry <davemcki@microsoft.com>",
        "System.ChangedDate": "2019-11-12T22:41:38.717Z",
        "System.ChangedBy": "Dave McKinstry <davemcki@microsoft.com>",
        "System.Title": "Create a public repo on GitHub",
        "Microsoft.VSTS.Scheduling.Effort": 0.0,
        "System.Description": null,
        "System.AssignedTo": null,
        "Microsoft.VSTS.Scheduling.RemainingWork": 0.0,
        "Microsoft.VSTS.Common.Priority": 2.0,
        "System.BoardLane": null,
        "System.Tags": null,
        "Microsoft.VSTS.TCM.Steps": null,
        "Microsoft.VSTS.TCM.Parameters": null,
        "Microsoft.VSTS.TCM.LocalDataSource": null,
        "Microsoft.VSTS.TCM.AutomationStatus": null,
        "System.History": null
      },
      "relations": [
        {
          "rel": "System.LinkTypes.Hierarchy-Reverse",
          "url": "https://dev.azure.com/MicrosoftDMM/_apis/wit/workItems/10476",
          "attributes": {
            "isLocked": "false",
            "name": "Parent"
          }
        }
      ],
      "url": "https://dev.azure.com/MicrosoftDMM/_apis/wit/workItems/10477"
    },
    {
      "id": 10475,
      "rev": 2,
      "fields": {
        "System.AreaPath": "$ProjectName$",
        "System.TeamProject": "$ProjectName$",
        "System.IterationPath": "$ProjectName$\\Iteration 1",
        "System.WorkItemType": "Task",
        "System.State": "New",
        "System.Reason": "New",
        "System.CreatedDate": "2019-11-12T21:21:11.53Z",
        "System.CreatedBy": "Dave McKinstry <davemcki@microsoft.com>",
        "System.ChangedDate": "2019-11-12T22:41:35.19Z",
        "System.ChangedBy": "Dave McKinstry <davemcki@microsoft.com>",
        "System.Title": "Create a Cosmos datbase in the resource group",
        "Microsoft.VSTS.Scheduling.Effort": 0.0,
        "System.Description": null,
        "System.AssignedTo": null,
        "Microsoft.VSTS.Scheduling.RemainingWork": 0.0,
        "Microsoft.VSTS.Common.Priority": 2.0,
        "System.BoardLane": null,
        "System.Tags": null,
        "Microsoft.VSTS.TCM.Steps": null,
        "Microsoft.VSTS.TCM.Parameters": null,
        "Microsoft.VSTS.TCM.LocalDataSource": null,
        "Microsoft.VSTS.TCM.AutomationStatus": null,
        "System.History": null
      },
      "relations": [
        {
          "rel": "System.LinkTypes.Hierarchy-Reverse",
          "url": "https://dev.azure.com/MicrosoftDMM/_apis/wit/workItems/10471",
          "attributes": {
            "isLocked": "false",
            "name": "Parent"
          }
        }
      ],
      "url": "https://dev.azure.com/MicrosoftDMM/_apis/wit/workItems/10475"
    },
    {
      "id": 10474,
      "rev": 2,
      "fields": {
        "System.AreaPath": "$ProjectName$",
        "System.TeamProject": "$ProjectName$",
        "System.IterationPath": "$ProjectName$\\Iteration 1",
        "System.WorkItemType": "Task",
        "System.State": "New",
        "System.Reason": "New",
        "System.CreatedDate": "2019-11-12T21:21:11.53Z",
        "System.CreatedBy": "Dave McKinstry <davemcki@microsoft.com>",
        "System.ChangedDate": "2019-11-12T22:41:35.19Z",
        "System.ChangedBy": "Dave McKinstry <davemcki@microsoft.com>",
        "System.Title": "Create an Azure Web App for Linux using the Node.JS 10 runtime in the resource group",
        "Microsoft.VSTS.Scheduling.Effort": 0.0,
        "System.Description": null,
        "System.AssignedTo": null,
        "Microsoft.VSTS.Scheduling.RemainingWork": 0.0,
        "Microsoft.VSTS.Common.Priority": 2.0,
        "System.BoardLane": null,
        "System.Tags": null,
        "Microsoft.VSTS.TCM.Steps": null,
        "Microsoft.VSTS.TCM.Parameters": null,
        "Microsoft.VSTS.TCM.LocalDataSource": null,
        "Microsoft.VSTS.TCM.AutomationStatus": null,
        "System.History": null
      },
      "relations": [
        {
          "rel": "System.LinkTypes.Hierarchy-Reverse",
          "url": "https://dev.azure.com/MicrosoftDMM/_apis/wit/workItems/10471",
          "attributes": {
            "isLocked": "false",
            "name": "Parent"
          }
        }
      ],
      "url": "https://dev.azure.com/MicrosoftDMM/_apis/wit/workItems/10474"
    },
    {
      "id": 10473,
      "rev": 2,
      "fields": {
        "System.AreaPath": "$ProjectName$",
        "System.TeamProject": "$ProjectName$",
        "System.IterationPath": "$ProjectName$\\Iteration 1",
        "System.WorkItemType": "Task",
        "System.State": "New",
        "System.Reason": "New",
        "System.CreatedDate": "2019-11-12T21:21:11.53Z",
        "System.CreatedBy": "Dave McKinstry <davemcki@microsoft.com>",
        "System.ChangedDate": "2019-11-12T22:41:35.19Z",
        "System.ChangedBy": "Dave McKinstry <davemcki@microsoft.com>",
        "System.Title": "Setup appropriate team permissions for the resource group",
        "Microsoft.VSTS.Scheduling.Effort": 0.0,
        "System.Description": null,
        "System.AssignedTo": null,
        "Microsoft.VSTS.Scheduling.RemainingWork": 0.0,
        "Microsoft.VSTS.Common.Priority": 2.0,
        "System.BoardLane": null,
        "System.Tags": null,
        "Microsoft.VSTS.TCM.Steps": null,
        "Microsoft.VSTS.TCM.Parameters": null,
        "Microsoft.VSTS.TCM.LocalDataSource": null,
        "Microsoft.VSTS.TCM.AutomationStatus": null,
        "System.History": null
      },
      "relations": [
        {
          "rel": "System.LinkTypes.Hierarchy-Reverse",
          "url": "https://dev.azure.com/MicrosoftDMM/_apis/wit/workItems/10471",
          "attributes": {
            "isLocked": "false",
            "name": "Parent"
          }
        }
      ],
      "url": "https://dev.azure.com/MicrosoftDMM/_apis/wit/workItems/10473"
    },
    {
      "id": 10472,
      "rev": 2,
      "fields": {
        "System.AreaPath": "$ProjectName$",
        "System.TeamProject": "$ProjectName$",
        "System.IterationPath": "$ProjectName$\\Iteration 1",
        "System.WorkItemType": "Task",
        "System.State": "New",
        "System.Reason": "New",
        "System.CreatedDate": "2019-11-12T21:21:11.53Z",
        "System.CreatedBy": "Dave McKinstry <davemcki@microsoft.com>",
        "System.ChangedDate": "2019-11-12T22:41:35.19Z",
        "System.ChangedBy": "Dave McKinstry <davemcki@microsoft.com>",
        "System.Title": "Create a resource group for the challenge in an existing subscription",
        "Microsoft.VSTS.Scheduling.Effort": 0.0,
        "System.Description": null,
        "System.AssignedTo": null,
        "Microsoft.VSTS.Scheduling.RemainingWork": 0.0,
        "Microsoft.VSTS.Common.Priority": 2.0,
        "System.BoardLane": null,
        "System.Tags": null,
        "Microsoft.VSTS.TCM.Steps": null,
        "Microsoft.VSTS.TCM.Parameters": null,
        "Microsoft.VSTS.TCM.LocalDataSource": null,
        "Microsoft.VSTS.TCM.AutomationStatus": null,
        "System.History": null
      },
      "relations": [
        {
          "rel": "System.LinkTypes.Hierarchy-Reverse",
          "url": "https://dev.azure.com/MicrosoftDMM/_apis/wit/workItems/10471",
          "attributes": {
            "isLocked": "false",
            "name": "Parent"
          }
        }
      ],
      "url": "https://dev.azure.com/MicrosoftDMM/_apis/wit/workItems/10472"
    },
    {
      "id": 10470,
      "rev": 2,
      "fields": {
        "System.AreaPath": "$ProjectName$",
        "System.TeamProject": "$ProjectName$",
        "System.IterationPath": "$ProjectName$\\Iteration 1",
        "System.WorkItemType": "Task",
        "System.State": "New",
        "System.Reason": "New",
        "System.CreatedDate": "2019-11-12T21:21:11.53Z",
        "System.CreatedBy": "Dave McKinstry <davemcki@microsoft.com>",
        "System.ChangedDate": "2019-11-12T22:41:29.19Z",
        "System.ChangedBy": "Dave McKinstry <davemcki@microsoft.com>",
        "System.Title": "Review the work items and plan your approach to maximize learning",
        "Microsoft.VSTS.Scheduling.Effort": 0.0,
        "System.Description": null,
        "System.AssignedTo": null,
        "Microsoft.VSTS.Scheduling.RemainingWork": 0.0,
        "Microsoft.VSTS.Common.Priority": 2.0,
        "System.BoardLane": null,
        "System.Tags": null,
        "Microsoft.VSTS.TCM.Steps": null,
        "Microsoft.VSTS.TCM.Parameters": null,
        "Microsoft.VSTS.TCM.LocalDataSource": null,
        "Microsoft.VSTS.TCM.AutomationStatus": null,
        "System.History": null
      },
      "relations": [
        {
          "rel": "System.LinkTypes.Hierarchy-Reverse",
          "url": "https://dev.azure.com/MicrosoftDMM/_apis/wit/workItems/10466",
          "attributes": {
            "isLocked": "false",
            "name": "Parent"
          }
        }
      ],
      "url": "https://dev.azure.com/MicrosoftDMM/_apis/wit/workItems/10470"
    },
    {
      "id": 10469,
      "rev": 2,
      "fields": {
        "System.AreaPath": "$ProjectName$",
        "System.TeamProject": "$ProjectName$",
        "System.IterationPath": "$ProjectName$\\Iteration 1",
        "System.WorkItemType": "Task",
        "System.State": "New",
        "System.Reason": "New",
        "System.CreatedDate": "2019-11-12T21:21:11.53Z",
        "System.CreatedBy": "Dave McKinstry <davemcki@microsoft.com>",
        "System.ChangedDate": "2019-11-12T22:41:29.19Z",
        "System.ChangedBy": "Dave McKinstry <davemcki@microsoft.com>",
        "System.Title": "Grant other users permissions to the project",
        "Microsoft.VSTS.Scheduling.Effort": 0.0,
        "System.Description": null,
        "System.AssignedTo": null,
        "Microsoft.VSTS.Scheduling.RemainingWork": 0.0,
        "Microsoft.VSTS.Common.Priority": 2.0,
        "System.BoardLane": null,
        "System.Tags": null,
        "Microsoft.VSTS.TCM.Steps": null,
        "Microsoft.VSTS.TCM.Parameters": null,
        "Microsoft.VSTS.TCM.LocalDataSource": null,
        "Microsoft.VSTS.TCM.AutomationStatus": null,
        "System.History": null
      },
      "relations": [
        {
          "rel": "System.LinkTypes.Hierarchy-Reverse",
          "url": "https://dev.azure.com/MicrosoftDMM/_apis/wit/workItems/10466",
          "attributes": {
            "isLocked": "false",
            "name": "Parent"
          }
        }
      ],
      "url": "https://dev.azure.com/MicrosoftDMM/_apis/wit/workItems/10469"
    },
    {
      "id": 10468,
      "rev": 2,
      "fields": {
        "System.AreaPath": "$ProjectName$",
        "System.TeamProject": "$ProjectName$",
        "System.IterationPath": "$ProjectName$\\Iteration 1",
        "System.WorkItemType": "Task",
        "System.State": "New",
        "System.Reason": "New",
        "System.CreatedDate": "2019-11-12T21:21:11.53Z",
        "System.CreatedBy": "Dave McKinstry <davemcki@microsoft.com>",
        "System.ChangedDate": "2019-11-12T22:41:29.19Z",
        "System.ChangedBy": "Dave McKinstry <davemcki@microsoft.com>",
        "System.Title": "Create the project for the DevOps Challenge: https://aka.ms/PartnerDevOpsChallenge2019",
        "Microsoft.VSTS.Scheduling.Effort": 0.0,
        "System.Description": null,
        "System.AssignedTo": null,
        "Microsoft.VSTS.Scheduling.RemainingWork": 0.0,
        "Microsoft.VSTS.Common.Priority": 2.0,
        "System.BoardLane": null,
        "System.Tags": null,
        "Microsoft.VSTS.TCM.Steps": null,
        "Microsoft.VSTS.TCM.Parameters": null,
        "Microsoft.VSTS.TCM.LocalDataSource": null,
        "Microsoft.VSTS.TCM.AutomationStatus": null,
        "System.History": null
      },
      "relations": [
        {
          "rel": "System.LinkTypes.Hierarchy-Reverse",
          "url": "https://dev.azure.com/MicrosoftDMM/_apis/wit/workItems/10466",
          "attributes": {
            "isLocked": "false",
            "name": "Parent"
          }
        }
      ],
      "url": "https://dev.azure.com/MicrosoftDMM/_apis/wit/workItems/10468"
    },
    {
      "id": 10467,
      "rev": 2,
      "fields": {
        "System.AreaPath": "$ProjectName$",
        "System.TeamProject": "$ProjectName$",
        "System.IterationPath": "$ProjectName$\\Iteration 1",
        "System.WorkItemType": "Task",
        "System.State": "New",
        "System.Reason": "New",
        "System.CreatedDate": "2019-11-12T21:21:11.53Z",
        "System.CreatedBy": "Dave McKinstry <davemcki@microsoft.com>",
        "System.ChangedDate": "2019-11-12T22:41:29.19Z",
        "System.ChangedBy": "Dave McKinstry <davemcki@microsoft.com>",
        "System.Title": "Select or create an Azure DevOps org that has the ability to add guest users",
        "Microsoft.VSTS.Scheduling.Effort": 0.0,
        "System.Description": null,
        "System.AssignedTo": null,
        "Microsoft.VSTS.Scheduling.RemainingWork": 0.0,
        "Microsoft.VSTS.Common.Priority": 2.0,
        "System.BoardLane": null,
        "System.Tags": null,
        "Microsoft.VSTS.TCM.Steps": null,
        "Microsoft.VSTS.TCM.Parameters": null,
        "Microsoft.VSTS.TCM.LocalDataSource": null,
        "Microsoft.VSTS.TCM.AutomationStatus": null,
        "System.History": null
      },
      "relations": [
        {
          "rel": "System.LinkTypes.Hierarchy-Reverse",
          "url": "https://dev.azure.com/MicrosoftDMM/_apis/wit/workItems/10466",
          "attributes": {
            "isLocked": "false",
            "name": "Parent"
          }
        }
      ],
      "url": "https://dev.azure.com/MicrosoftDMM/_apis/wit/workItems/10467"
    }
  ],
  "HttpStatusCode": 0,
  "Message": null
}