{
  "Extensions": [
    {
      "extensionName": "AIT Voting Extension",
      "link": "<a href='https://marketplace.visualstudio.com/items?itemName=AITGmbH.asap-voting-aitgmb-de-production' target='_blank'><b>AIT Voting Extension</b></a>",
      "publisherId": "AITGmbH",
      "extensionId": "asap-voting-aitgmb-de-production",
      "publisherName": "AIT GmbH & Co. KG",
      "License": "<a href='https://marketplace.visualstudio.com/items?itemName=AITGmbH.asap-voting-aitgmb-de-production' target='_blank'>License Terms</a>"
    },
    {
      "extensionName": "AWS Tools for Microsoft Visual Studio Team Services",
      "link": "<a href='https://marketplace.visualstudio.com/items?itemName=AmazonWebServices.aws-vsts-tools' target='_blank'><b>AWS Tools for Microsoft Visual Studio Team Services</b></a>",
      "publisherId": "AmazonWebServices",
      "extensionId": "aws-vsts-tools",
      "publisherName": "Amazon Web Services",
      "License": "<a href='https://marketplace.visualstudio.com/items?itemName=AmazonWebServices.aws-vsts-tools' target='_blank'>License Terms</a>"
    },
    {
      "extensionName": "Iframe Dashboard Widget",
      "link": "<a href='https://marketplace.visualstudio.com/items?itemName=areve.iframe-dashboard-widget' target='_blank'><b>Iframe Dashboard Widget</b></a>",
      "publisherId": "areve",
      "extensionId": "iframe-dashboard-widget",
      "publisherName": "Areve",
      "License": "<a href='https://marketplace.visualstudio.com/items?itemName=areve.iframe-dashboard-widget' target='_blank'>License Terms</a>"
    },
    {
      "extensionName": "Files and Folders View for Test Attachments",
      "link": "<a href='https://marketplace.visualstudio.com/items?itemName=asg-cloudtest.asg-cloudtest-attachments' target='_blank'><b>Files and Folders View for Test Attachments</b></a>",
      "publisherId": "asg-cloudtest",
      "extensionId": "asg-cloudtest-attachments",
      "publisherName": "CloudTest",
      "License": "<a href='https://marketplace.visualstudio.com/items?itemName=asg-cloudtest.asg-cloudtest-attachments' target='_blank'>License Terms</a>"
    },
    {
      "extensionName": "Black Duck Hub",
      "link": "<a href='https://marketplace.visualstudio.com/items?itemName=black-duck-software.hub-tfs' target='_blank'><b>Black Duck Hub</b></a>",
      "publisherId": "black-duck-software",
      "extensionId": "hub-tfs",
      "publisherName": "Synopsys",
      "License": "<a href='https://marketplace.visualstudio.com/items?itemName=black-duck-software.hub-tfs' target='_blank'>License Terms</a>"
    },
    {
      "extensionName": "Split!",
      "link": "<a href='https://marketplace.visualstudio.com/items?itemName=blueprint.vsts-extension-split-work' target='_blank'><b>Split!</b></a>",
      "publisherId": "blueprint",
      "extensionId": "vsts-extension-split-work",
      "publisherName": "Microsoft DevLabs",
      "License": "<a href='https://marketplace.visualstudio.com/items?itemName=blueprint.vsts-extension-split-work' target='_blank'>License Terms</a>"
    },
    {
      "extensionName": "Chef Integration",
      "link": "<a href='https://marketplace.visualstudio.com/items?itemName=chef-software.vsts-chef-tasks' target='_blank'><b>Chef Integration</b></a>",
      "publisherId": "chef-software",
      "extensionId": "vsts-chef-tasks",
      "publisherName": "Chef",
      "License": "<a href='https://marketplace.visualstudio.com/items?itemName=chef-software.vsts-chef-tasks' target='_blank'>License Terms</a>"
    },
    {
      "extensionName": "Publish to Google Play Store",
      "link": "<a href='https://marketplace.visualstudio.com/items?itemName=chohfi.vsts-task-publish-playstore' target='_blank'><b>Publish to Google Play Store</b></a>",
      "publisherId": "chohfi",
      "extensionId": "vsts-task-publish-playstore",
      "publisherName": "Alexandre Chohfi",
      "License": "<a href='https://marketplace.visualstudio.com/items?itemName=chohfi.vsts-task-publish-playstore' target='_blank'>License Terms</a>"
    },
    {
      "extensionName": "Colin's ALM Corner Build & Release Tools",
      "link": "<a href='https://marketplace.visualstudio.com/items?itemName=colinsalmcorner.colinsalmcorner-buildtasks' target='_blank'><b>Colin's ALM Corner Build & Release Tools</b></a>",
      "publisherId": "colinsalmcorner",
      "extensionId": "colinsalmcorner-buildtasks",
      "publisherName": "Colin's ALM Corner",
      "License": "<a href='https://marketplace.visualstudio.com/items?itemName=colinsalmcorner.colinsalmcorner-buildtasks' target='_blank'>License Terms</a>"
    },
    {
      "extensionName": "Contrast Integration",
      "link": "<a href='https://marketplace.visualstudio.com/items?itemName=contrast-security.contrast-integration' target='_blank'><b>Contrast Integration</b></a>",
      "publisherId": "contrast-security",
      "extensionId": "contrast-integration",
      "publisherName": "Contrast Security",
      "License": "<a href='https://marketplace.visualstudio.com/items?itemName=contrast-security.contrast-integration' target='_blank'>License Terms</a>"
    },
    {
      "extensionName": "[DEPRECATED] Snyk for Azure Pipelines",
      "link": "<a href='https://marketplace.visualstudio.com/items?itemName=jessehouwing.vsts-snyk' target='_blank'><b>[DEPRECATED] Snyk for Azure Pipelines</b></a>",
      "publisherId": "jessehouwing",
      "extensionId": "vsts-snyk",
      "publisherName": "Jesse Houwing",
      "License": "<a href='https://marketplace.visualstudio.com/items?itemName=jessehouwing.vsts-snyk' target='_blank'>License Terms</a>"
    },
    {
      "extensionName": "OWASP Zed Attack Proxy Scan",
      "link": "<a href='https://marketplace.visualstudio.com/items?itemName=kasunkodagoda.owasp-zap-scan' target='_blank'><b>OWASP Zed Attack Proxy Scan</b></a>",
      "publisherId": "kasunkodagoda",
      "extensionId": "owasp-zap-scan",
      "publisherName": "Kasun Kodagoda",
      "License": "<a href='https://marketplace.visualstudio.com/items?itemName=kasunkodagoda.owasp-zap-scan' target='_blank'>License Terms</a>"
    },
    {
      "extensionName": "ARM Outputs",
      "link": "<a href='https://marketplace.visualstudio.com/items?itemName=keesschollaart.arm-outputs' target='_blank'><b>ARM Outputs</b></a>",
      "publisherId": "keesschollaart",
      "extensionId": "arm-outputs",
      "publisherName": "Kees Schollaart",
      "License": "<a href='https://marketplace.visualstudio.com/items?itemName=keesschollaart.arm-outputs' target='_blank'>License Terms</a>"
    },
    {
      "extensionName": "Azure Cost Insights",
      "link": "<a href='https://marketplace.visualstudio.com/items?itemName=keesschollaart.AzureCostInsights' target='_blank'><b>Azure Cost Insights</b></a>",
      "publisherId": "keesschollaart",
      "extensionId": "AzureCostInsights",
      "publisherName": "Kees Schollaart",
      "License": "<a href='https://marketplace.visualstudio.com/items?itemName=keesschollaart.AzureCostInsights' target='_blank'>License Terms</a>"
    },
    {
      "extensionName": "LaunchDarkly Integration V2",
      "link": "<a href='https://marketplace.visualstudio.com/items?itemName=launchdarkly.launchdarkly-extension' target='_blank'><b>LaunchDarkly Integration V2</b></a>",
      "publisherId": "launchdarkly",
      "extensionId": "launchdarkly-extension",
      "publisherName": "LaunchDarkly",
      "License": "<a href='https://marketplace.visualstudio.com/items?itemName=launchdarkly.launchdarkly-extension' target='_blank'>License Terms</a>"
    },
    {
      "extensionName": "HockeyApp",
      "link": "<a href='https://marketplace.visualstudio.com/items?itemName=ms.hockeyapp' target='_blank'><b>HockeyApp</b></a>",
      "publisherId": "ms",
      "extensionId": "hockeyapp",
      "publisherName": "Microsoft",
      "License": "<a href='https://marketplace.visualstudio.com/items?itemName=ms.hockeyapp' target='_blank'>License Terms</a>"
    },
    {
      "extensionName": "Product Catalog",
      "link": "<a href='https://marketplace.visualstudio.com/items?itemName=ms.product-catalog' target='_blank'><b>Product Catalog</b></a>",
      "publisherId": "ms",
      "extensionId": "product-catalog",
      "publisherName": "Microsoft",
      "License": "<a href='https://marketplace.visualstudio.com/items?itemName=ms.product-catalog' target='_blank'>License Terms</a>"
    },
    {
      "extensionName": "Component Governance Build Task",
      "link": "<a href='https://marketplace.visualstudio.com/items?itemName=ms.vss-governance-buildtask' target='_blank'><b>Component Governance Build Task</b></a>",
      "publisherId": "ms",
      "extensionId": "vss-governance-buildtask",
      "publisherName": "Microsoft",
      "License": "<a href='https://marketplace.visualstudio.com/items?itemName=ms.vss-governance-buildtask' target='_blank'>License Terms</a>"
    },
    {
      "extensionName": "Release Annotations for Azure Application Insights",
      "link": "<a href='https://marketplace.visualstudio.com/items?itemName=ms-appinsights.appinsightsreleaseannotations' target='_blank'><b>Release Annotations for Azure Application Insights</b></a>",
      "publisherId": "ms-appinsights",
      "extensionId": "appinsightsreleaseannotations",
      "publisherName": "Microsoft",
      "License": "<a href='https://marketplace.visualstudio.com/items?itemName=ms-appinsights.appinsightsreleaseannotations' target='_blank'>License Terms</a>"
    },
    {
      "extensionName": "Azure Application Insights Widgets",
      "link": "<a href='https://marketplace.visualstudio.com/items?itemName=ms-appinsights.ApplicationInsightsWidgets' target='_blank'><b>Azure Application Insights Widgets</b></a>",
      "publisherId": "ms-appinsights",
      "extensionId": "ApplicationInsightsWidgets",
      "publisherName": "Microsoft",
      "License": "<a href='https://marketplace.visualstudio.com/items?itemName=ms-appinsights.ApplicationInsightsWidgets' target='_blank'>License Terms</a>"
    },
    {
      "extensionName": "Azure DevTest Labs Tasks",
      "link": "<a href='https://marketplace.visualstudio.com/items?itemName=ms-azuredevtestlabs.tasks' target='_blank'><b>Azure DevTest Labs Tasks</b></a>",
      "publisherId": "ms-azuredevtestlabs",
      "extensionId": "tasks",
      "publisherName": "Microsoft",
      "License": "<a href='https://marketplace.visualstudio.com/items?itemName=ms-azuredevtestlabs.tasks' target='_blank'>License Terms</a>"
    },
    {
      "extensionName": "Microsoft Component Policies",
      "link": "<a href='https://marketplace.visualstudio.com/items?itemName=ms-compliance.microsoft-component-policies' target='_blank'><b>Microsoft Component Policies</b></a>",
      "publisherId": "ms-compliance",
      "extensionId": "microsoft-component-policies",
      "publisherName": "Compliance Partners",
      "License": "<a href='https://marketplace.visualstudio.com/items?itemName=ms-compliance.microsoft-component-policies' target='_blank'>License Terms</a>"
    },
    {
      "extensionName": "Branch Visualization",
      "link": "<a href='https://marketplace.visualstudio.com/items?itemName=ms-devlabs.BranchVisualization' target='_blank'><b>Branch Visualization</b></a>",
      "publisherId": "ms-devlabs",
      "extensionId": "BranchVisualization",
      "publisherName": "Microsoft DevLabs",
      "License": "<a href='https://marketplace.visualstudio.com/items?itemName=ms-devlabs.BranchVisualization' target='_blank'>License Terms</a>"
    },
    {
      "extensionName": "Folder Management",
      "link": "<a href='https://marketplace.visualstudio.com/items?itemName=ms-devlabs.FolderManagement' target='_blank'><b>Folder Management</b></a>",
      "publisherId": "ms-devlabs",
      "extensionId": "FolderManagement",
      "publisherName": "Microsoft DevLabs",
      "License": "<a href='https://marketplace.visualstudio.com/items?itemName=ms-devlabs.FolderManagement' target='_blank'>License Terms</a>"
    },
    {
      "extensionName": "Clone release definition (for TFS 2015 U2 and above)",
      "link": "<a href='https://marketplace.visualstudio.com/items?itemName=ms-devlabs.rm-import-export' target='_blank'><b>Clone release definition (for TFS 2015 U2 and above)</b></a>",
      "publisherId": "ms-devlabs",
      "extensionId": "rm-import-export",
      "publisherName": "Microsoft DevLabs",
      "License": "<a href='https://marketplace.visualstudio.com/items?itemName=ms-devlabs.rm-import-export' target='_blank'>License Terms</a>"
    },
    {
      "extensionName": "Roll-up Board",
      "link": "<a href='https://marketplace.visualstudio.com/items?itemName=ms-devlabs.RollUpBoard' target='_blank'><b>Roll-up Board</b></a>",
      "publisherId": "ms-devlabs",
      "extensionId": "RollUpBoard",
      "publisherName": "Microsoft DevLabs",
      "License": "<a href='https://marketplace.visualstudio.com/items?itemName=ms-devlabs.RollUpBoard' target='_blank'>License Terms</a>"
    },
    {
      "extensionName": "Sample Data Widget",
      "link": "<a href='https://marketplace.visualstudio.com/items?itemName=ms-devlabs.SampleDataWidget' target='_blank'><b>Sample Data Widget</b></a>",
      "publisherId": "ms-devlabs",
      "extensionId": "SampleDataWidget",
      "publisherName": "Microsoft DevLabs",
      "License": "<a href='https://marketplace.visualstudio.com/items?itemName=ms-devlabs.SampleDataWidget' target='_blank'>License Terms</a>"
    },
    {
      "extensionName": "Show Area Path Dependencies",
      "link": "<a href='https://marketplace.visualstudio.com/items?itemName=ms-devlabs.ShowAreaPathDependencies' target='_blank'><b>Show Area Path Dependencies</b></a>",
      "publisherId": "ms-devlabs",
      "extensionId": "ShowAreaPathDependencies",
      "publisherName": "Microsoft DevLabs",
      "License": "<a href='https://marketplace.visualstudio.com/items?itemName=ms-devlabs.ShowAreaPathDependencies' target='_blank'>License Terms</a>"
    },
    {
      "extensionName": "Team Project Health",
      "link": "<a href='https://marketplace.visualstudio.com/items?itemName=ms-devlabs.TeamProjectHealth' target='_blank'><b>Team Project Health</b></a>",
      "publisherId": "ms-devlabs",
      "extensionId": "TeamProjectHealth",
      "publisherName": "Microsoft DevLabs",
      "License": "<a href='https://marketplace.visualstudio.com/items?itemName=ms-devlabs.TeamProjectHealth' target='_blank'>License Terms</a>"
    },
    {
      "extensionName": "Release Management Utility tasks",
      "link": "<a href='https://marketplace.visualstudio.com/items?itemName=ms-devlabs.utilitytasks' target='_blank'><b>Release Management Utility tasks</b></a>",
      "publisherId": "ms-devlabs",
      "extensionId": "utilitytasks",
      "publisherName": "Microsoft DevLabs",
      "License": "<a href='https://marketplace.visualstudio.com/items?itemName=ms-devlabs.utilitytasks' target='_blank'>License Terms</a>"
    },
    {
      "extensionName": "Multivalue control",
      "link": "<a href='https://marketplace.visualstudio.com/items?itemName=ms-devlabs.vsts-extensions-multivalue-control' target='_blank'><b>Multivalue control</b></a>",
      "publisherId": "ms-devlabs",
      "extensionId": "vsts-extensions-multivalue-control",
      "publisherName": "Microsoft DevLabs",
      "License": "<a href='https://marketplace.visualstudio.com/items?itemName=ms-devlabs.vsts-extensions-multivalue-control' target='_blank'>License Terms</a>"
    },
    {
      "extensionName": "Feature timeline and Epic Roadmap",
      "link": "<a href='https://marketplace.visualstudio.com/items?itemName=ms-devlabs.workitem-feature-timeline-extension' target='_blank'><b>Feature timeline and Epic Roadmap</b></a>",
      "publisherId": "ms-devlabs",
      "extensionId": "workitem-feature-timeline-extension",
      "publisherName": "Microsoft DevLabs",
      "License": "<a href='https://marketplace.visualstudio.com/items?itemName=ms-devlabs.workitem-feature-timeline-extension' target='_blank'>License Terms</a>"
    },
    {
      "extensionName": "Work Item Details",
      "link": "<a href='https://marketplace.visualstudio.com/items?itemName=ms-devlabs.WorkItemDetails' target='_blank'><b>Work Item Details</b></a>",
      "publisherId": "ms-devlabs",
      "extensionId": "WorkItemDetails",
      "publisherName": "Microsoft DevLabs",
      "License": "<a href='https://marketplace.visualstudio.com/items?itemName=ms-devlabs.WorkItemDetails' target='_blank'>License Terms</a>"
    },
    {
      "extensionName": "Work Item Visualization",
      "link": "<a href='https://marketplace.visualstudio.com/items?itemName=ms-devlabs.WorkItemVisualization' target='_blank'><b>Work Item Visualization</b></a>",
      "publisherId": "ms-devlabs",
      "extensionId": "WorkItemVisualization",
      "publisherName": "Microsoft DevLabs",
      "License": "<a href='https://marketplace.visualstudio.com/items?itemName=ms-devlabs.WorkItemVisualization' target='_blank'>License Terms</a>"
    },
    {
      "extensionName": "Dependency Tracker",
      "link": "<a href='https://marketplace.visualstudio.com/items?itemName=ms-eswm.dependencytracker' target='_blank'><b>Dependency Tracker</b></a>",
      "publisherId": "ms-eswm",
      "extensionId": "dependencytracker",
      "publisherName": "Microsoft",
      "License": "<a href='https://marketplace.visualstudio.com/items?itemName=ms-eswm.dependencytracker' target='_blank'>License Terms</a>"
    },
    {
      "extensionName": "Apple App Store",
      "link": "<a href='https://marketplace.visualstudio.com/items?itemName=ms-vsclient.app-store' target='_blank'><b>Apple App Store</b></a>",
      "publisherId": "ms-vsclient",
      "extensionId": "app-store",
      "publisherName": "Microsoft",
      "License": "<a href='https://marketplace.visualstudio.com/items?itemName=ms-vsclient.app-store' target='_blank'>License Terms</a>"
    },
    {
      "extensionName": "Cordova Build",
      "link": "<a href='https://marketplace.visualstudio.com/items?itemName=ms-vsclient.cordova-extension' target='_blank'><b>Cordova Build</b></a>",
      "publisherId": "ms-vsclient",
      "extensionId": "cordova-extension",
      "publisherName": "Microsoft",
      "License": "<a href='https://marketplace.visualstudio.com/items?itemName=ms-vsclient.cordova-extension' target='_blank'>License Terms</a>"
    },
    {
      "extensionName": "Google Play",
      "link": "<a href='https://marketplace.visualstudio.com/items?itemName=ms-vsclient.google-play' target='_blank'><b>Google Play</b></a>",
      "publisherId": "ms-vsclient",
      "extensionId": "google-play",
      "publisherName": "Microsoft",
      "License": "<a href='https://marketplace.visualstudio.com/items?itemName=ms-vsclient.google-play' target='_blank'>License Terms</a>"
    },
    {
      "extensionName": "React Native",
      "link": "<a href='https://marketplace.visualstudio.com/items?itemName=ms-vsclient.react-native-extension' target='_blank'><b>React Native</b></a>",
      "publisherId": "ms-vsclient",
      "extensionId": "react-native-extension",
      "publisherName": "Microsoft",
      "License": "<a href='https://marketplace.visualstudio.com/items?itemName=ms-vsclient.react-native-extension' target='_blank'>License Terms</a>"
    },
    {
      "extensionName": "Apache Tomcat Deployment",
      "link": "<a href='https://marketplace.visualstudio.com/items?itemName=ms-vscs-rm.apachetomcat' target='_blank'><b>Apache Tomcat Deployment</b></a>",
      "publisherId": "ms-vscs-rm",
      "extensionId": "apachetomcat",
      "publisherName": "Microsoft",
      "License": "<a href='https://marketplace.visualstudio.com/items?itemName=ms-vscs-rm.apachetomcat' target='_blank'>License Terms</a>"
    },
    {
      "extensionName": "Docker Integration",
      "link": "<a href='https://marketplace.visualstudio.com/items?itemName=ms-vscs-rm.docker' target='_blank'><b>Docker Integration</b></a>",
      "publisherId": "ms-vscs-rm",
      "extensionId": "docker",
      "publisherName": "Microsoft",
      "License": "<a href='https://marketplace.visualstudio.com/items?itemName=ms-vscs-rm.docker' target='_blank'>License Terms</a>"
    },
    {
      "extensionName": "IIS Web App Deployment Using WinRM",
      "link": "<a href='https://marketplace.visualstudio.com/items?itemName=ms-vscs-rm.iiswebapp' target='_blank'><b>IIS Web App Deployment Using WinRM</b></a>",
      "publisherId": "ms-vscs-rm",
      "extensionId": "iiswebapp",
      "publisherName": "Microsoft",
      "License": "<a href='https://marketplace.visualstudio.com/items?itemName=ms-vscs-rm.iiswebapp' target='_blank'>License Terms</a>"
    },
    {
      "extensionName": "SCVMM Integration",
      "link": "<a href='https://marketplace.visualstudio.com/items?itemName=ms-vscs-rm.scvmmapp' target='_blank'><b>SCVMM Integration</b></a>",
      "publisherId": "ms-vscs-rm",
      "extensionId": "scvmmapp",
      "publisherName": "Microsoft",
      "License": "<a href='https://marketplace.visualstudio.com/items?itemName=ms-vscs-rm.scvmmapp' target='_blank'>License Terms</a>"
    },
    {
      "extensionName": "VMware Resource Deployment",
      "link": "<a href='https://marketplace.visualstudio.com/items?itemName=ms-vscs-rm.vmwareapp' target='_blank'><b>VMware Resource Deployment</b></a>",
      "publisherId": "ms-vscs-rm",
      "extensionId": "vmwareapp",
      "publisherName": "Microsoft",
      "License": "<a href='https://marketplace.visualstudio.com/items?itemName=ms-vscs-rm.vmwareapp' target='_blank'>License Terms</a>"
    },
    {
      "extensionName": "Ansible",
      "link": "<a href='https://marketplace.visualstudio.com/items?itemName=ms-vscs-rm.vss-services-ansible' target='_blank'><b>Ansible</b></a>",
      "publisherId": "ms-vscs-rm",
      "extensionId": "vss-services-ansible",
      "publisherName": "Microsoft",
      "License": "<a href='https://marketplace.visualstudio.com/items?itemName=ms-vscs-rm.vss-services-ansible' target='_blank'>License Terms</a>"
    },
    {
      "extensionName": "Cloud Foundry",
      "link": "<a href='https://marketplace.visualstudio.com/items?itemName=ms-vsts.cloud-foundry-build-extension' target='_blank'><b>Cloud Foundry</b></a>",
      "publisherId": "ms-vsts",
      "extensionId": "cloud-foundry-build-extension",
      "publisherName": "Microsoft",
      "License": "<a href='https://marketplace.visualstudio.com/items?itemName=ms-vsts.cloud-foundry-build-extension' target='_blank'>License Terms</a>"
    },
    {
      "extensionName": "IBM WebSphere Application Server",
      "link": "<a href='https://marketplace.visualstudio.com/items?itemName=ms-vsts.ibm-websphere' target='_blank'><b>IBM WebSphere Application Server</b></a>",
      "publisherId": "ms-vsts",
      "extensionId": "ibm-websphere",
      "publisherName": "Microsoft",
      "License": "<a href='https://marketplace.visualstudio.com/items?itemName=ms-vsts.ibm-websphere' target='_blank'>License Terms</a>"
    },
    {
      "extensionName": "Enhanced Export",
      "link": "<a href='https://marketplace.visualstudio.com/items?itemName=mskold.mskold-enhanced-export' target='_blank'><b>Enhanced Export</b></a>",
      "publisherId": "mskold",
      "extensionId": "mskold-enhanced-export",
      "publisherName": "MSKOLD AB",
      "License": "<a href='https://marketplace.visualstudio.com/items?itemName=mskold.mskold-enhanced-export' target='_blank'>License Terms</a>"
    },
    {
      "extensionName": "Build Quality Checks",
      "link": "<a href='https://marketplace.visualstudio.com/items?itemName=mspremier.BuildQualityChecks' target='_blank'><b>Build Quality Checks</b></a>",
      "publisherId": "mspremier",
      "extensionId": "BuildQualityChecks",
      "publisherName": "Microsoft Premier Services",
      "License": "<a href='https://marketplace.visualstudio.com/items?itemName=mspremier.BuildQualityChecks' target='_blank'>License Terms</a>"
    },
    {
      "extensionName": "Octopus Deploy Integration",
      "link": "<a href='https://marketplace.visualstudio.com/items?itemName=octopusdeploy.octopus-deploy-build-release-tasks' target='_blank'><b>Octopus Deploy Integration</b></a>",
      "publisherId": "octopusdeploy",
      "extensionId": "octopus-deploy-build-release-tasks",
      "publisherName": "Octopus Deploy",
      "License": "<a href='https://marketplace.visualstudio.com/items?itemName=octopusdeploy.octopus-deploy-build-release-tasks' target='_blank'>License Terms</a>"
    },
    {
      "extensionName": "Redgate ReadyRoll",
      "link": "<a href='https://marketplace.visualstudio.com/items?itemName=redgatesoftware.redgate-readyroll' target='_blank'><b>Redgate ReadyRoll</b></a>",
      "publisherId": "redgatesoftware",
      "extensionId": "redgate-readyroll",
      "publisherName": "Redgate Software",
      "License": "<a href='https://marketplace.visualstudio.com/items?itemName=redgatesoftware.redgate-readyroll' target='_blank'>License Terms</a>"
    },
    {
      "extensionName": "Generate Release Notes Build Task",
      "link": "<a href='https://marketplace.visualstudio.com/items?itemName=richardfennellBM.BM-VSTS-GenerateReleaseNotes-Task' target='_blank'><b>Generate Release Notes Build Task</b></a>",
      "publisherId": "richardfennellBM",
      "extensionId": "BM-VSTS-GenerateReleaseNotes-Task",
      "publisherName": "Richard Fennell (Black Marble)",
      "License": "<a href='https://marketplace.visualstudio.com/items?itemName=richardfennellBM.BM-VSTS-GenerateReleaseNotes-Task' target='_blank'>License Terms</a>"
    },
    {
      "extensionName": "Packer",
      "link": "<a href='https://marketplace.visualstudio.com/items?itemName=riezebosch.Packer' target='_blank'><b>Packer</b></a>",
      "publisherId": "riezebosch",
      "extensionId": "Packer",
      "publisherName": "riezebosch",
      "License": "<a href='https://marketplace.visualstudio.com/items?itemName=riezebosch.Packer' target='_blank'>License Terms</a>"
    },
    {
      "extensionName": "Secure Development Tools (Guardian)",
      "link": "<a href='https://marketplace.visualstudio.com/items?itemName=securedevelopmentteam.vss-secure-development-tools' target='_blank'><b>Secure Development Tools (Guardian)</b></a>",
      "publisherId": "securedevelopmentteam",
      "extensionId": "vss-secure-development-tools",
      "publisherName": "Microsoft",
      "License": "<a href='https://marketplace.visualstudio.com/items?itemName=securedevelopmentteam.vss-secure-development-tools' target='_blank'>License Terms</a>"
    },
    {
      "extensionName": "Chuck Norris Build Enhancer",
      "link": "<a href='https://marketplace.visualstudio.com/items?itemName=solidify-labs.chucknorris-build-enhancer' target='_blank'><b>Chuck Norris Build Enhancer</b></a>",
      "publisherId": "solidify-labs",
      "extensionId": "chucknorris-build-enhancer",
      "publisherName": "Solidify Labs",
      "License": "<a href='https://marketplace.visualstudio.com/items?itemName=solidify-labs.chucknorris-build-enhancer' target='_blank'>License Terms</a>"
    },
    {
      "extensionName": "SonarCloud",
      "link": "<a href='https://marketplace.visualstudio.com/items?itemName=SonarSource.sonarcloud' target='_blank'><b>SonarCloud</b></a>",
      "publisherId": "SonarSource",
      "extensionId": "sonarcloud",
      "publisherName": "SonarSource",
      "License": "<a href='https://marketplace.visualstudio.com/items?itemName=SonarSource.sonarcloud' target='_blank'>License Terms</a>"
    },
    {
      "extensionName": "SonarQube",
      "link": "<a href='https://marketplace.visualstudio.com/items?itemName=SonarSource.sonarqube' target='_blank'><b>SonarQube</b></a>",
      "publisherId": "SonarSource",
      "extensionId": "sonarqube",
      "publisherName": "SonarSource",
      "License": "<a href='https://marketplace.visualstudio.com/items?itemName=SonarSource.sonarqube' target='_blank'>License Terms</a>"
    },
    {
      "extensionName": "State Model Visualization",
      "link": "<a href='https://marketplace.visualstudio.com/items?itemName=taavi-koosaar.StateModelVisualization' target='_blank'><b>State Model Visualization</b></a>",
      "publisherId": "taavi-koosaar",
      "extensionId": "StateModelVisualization",
      "publisherName": "Taavi Kõosaar",
      "License": "<a href='https://marketplace.visualstudio.com/items?itemName=taavi-koosaar.StateModelVisualization' target='_blank'>License Terms</a>"
    },
    {
      "extensionName": "On-Premises Release Toolkit",
      "link": "<a href='https://marketplace.visualstudio.com/items?itemName=technossusllc.on-premises-build-tasks' target='_blank'><b>On-Premises Release Toolkit</b></a>",
      "publisherId": "technossusllc",
      "extensionId": "on-premises-build-tasks",
      "publisherName": "Technossus",
      "License": "<a href='https://marketplace.visualstudio.com/items?itemName=technossusllc.on-premises-build-tasks' target='_blank'>License Terms</a>"
    },
    {
      "extensionName": "Bower",
      "link": "<a href='https://marketplace.visualstudio.com/items?itemName=touchify.vsts-bower' target='_blank'><b>Bower</b></a>",
      "publisherId": "touchify",
      "extensionId": "vsts-bower",
      "publisherName": "Touchify",
      "License": "<a href='https://marketplace.visualstudio.com/items?itemName=touchify.vsts-bower' target='_blank'>License Terms</a>"
    },
    {
      "extensionName": "Kubernetes extension",
      "link": "<a href='https://marketplace.visualstudio.com/items?itemName=tsuyoshiushio.k8s-endpoint' target='_blank'><b>Kubernetes extension</b></a>",
      "publisherId": "tsuyoshiushio",
      "extensionId": "k8s-endpoint",
      "publisherName": "Tsuyoshi Ushio",
      "License": "<a href='https://marketplace.visualstudio.com/items?itemName=tsuyoshiushio.k8s-endpoint' target='_blank'>License Terms</a>"
    },
    {
      "extensionName": "Project Connect",
      "link": "<a href='https://marketplace.visualstudio.com/items?itemName=TVT.TVT-PjO' target='_blank'><b>Project Connect</b></a>",
      "publisherId": "TVT",
      "extensionId": "TVT-PjO",
      "publisherName": "Tivitie",
      "License": "<a href='https://marketplace.visualstudio.com/items?itemName=TVT.TVT-PjO' target='_blank'>License Terms</a>"
    },
    {
      "extensionName": "WhiteSource Bolt",
      "link": "<a href='https://marketplace.visualstudio.com/items?itemName=whitesource.ws-bolt' target='_blank'><b>WhiteSource Bolt</b></a>",
      "publisherId": "whitesource",
      "extensionId": "ws-bolt",
      "publisherName": "WhiteSource",
      "License": "<a href='https://marketplace.visualstudio.com/items?itemName=whitesource.ws-bolt' target='_blank'>License Terms</a>"
    },
    {
      "extensionName": "Xamarin Test Cloud Results Extension",
      "link": "<a href='https://marketplace.visualstudio.com/items?itemName=Xamarin.vso-xtc-results' target='_blank'><b>Xamarin Test Cloud Results Extension</b></a>",
      "publisherId": "Xamarin",
      "extensionId": "vso-xtc-results",
      "publisherName": "Xamarin",
      "License": "<a href='https://marketplace.visualstudio.com/items?itemName=Xamarin.vso-xtc-results' target='_blank'>License Terms</a>"
    },
    {
      "extensionName": "Code Search",
      "link": "<a href='https://marketplace.visualstudio.com/items?itemName=ms.vss-code-search' target='_blank'><b>Code Search</b></a>",
      "publisherId": "ms",
      "extensionId": "vss-code-search",
      "publisherName": "Microsoft",
      "License": "<a href='https://marketplace.visualstudio.com/items?itemName=ms.vss-code-search' target='_blank'>License Terms</a>"
    },
    {
      "extensionName": "Component Governance",
      "link": "<a href='https://marketplace.visualstudio.com/items?itemName=ms.vss-governance-web' target='_blank'><b>Component Governance</b></a>",
      "publisherId": "ms",
      "extensionId": "vss-governance-web",
      "publisherName": "Microsoft",
      "License": "<a href='https://marketplace.visualstudio.com/items?itemName=ms.vss-governance-web' target='_blank'>License Terms</a>"
    },
    {
      "extensionName": "Delivery Plans",
      "link": "<a href='https://marketplace.visualstudio.com/items?itemName=ms.vss-plans' target='_blank'><b>Delivery Plans</b></a>",
      "publisherId": "ms",
      "extensionId": "vss-plans",
      "publisherName": "Microsoft",
      "License": "<a href='https://marketplace.visualstudio.com/items?itemName=ms.vss-plans' target='_blank'>License Terms</a>"
    },
    {
      "extensionName": "Test Manager for TFS 2017 and TFS 2018",
      "link": "<a href='https://marketplace.visualstudio.com/items?itemName=ms.vss-testmanager-web' target='_blank'><b>Test Manager for TFS 2017 and TFS 2018</b></a>",
      "publisherId": "ms",
      "extensionId": "vss-testmanager-web",
      "publisherName": "Microsoft",
      "License": "<a href='https://marketplace.visualstudio.com/items?itemName=ms.vss-testmanager-web' target='_blank'>License Terms</a>"
    }
  ]
}